549,140,47,135,234,65,89,220,93,47,135,220,145,47,187,220,192,140,93,140,140,135,187,103,47,187,47,42,234,224,238,Normal-5077
936,168,65,154,238,79,103,248,117,56,145,266,159,42,187,271,201,164,107,159,150,154,196,131,65,206,70,37,229,271,248,Normal-477
109,140,51,140,210,51,89,229,89,42,131,238,131,33,173,248,168,140,89,140,131,140,168,84,51,192,47,28,210,252,210,Normal-4544
980,154,28,150,266,65,84,243,93,51,145,252,150,42,206,262,210,154,89,150,150,150,206,117,28,192,28,33,262,266,271,Normal-2244
643,159,42,150,266,65,93,248,103,47,150,257,159,37,206,262,215,159,98,154,154,150,210,112,42,210,47,28,262,271,271,Normal-9309
971,150,33,145,215,51,75,243,79,33,117,252,126,19,164,257,173,150,75,150,121,145,168,98,28,201,33,9,206,262,220,Normal-1934
504,154,61,150,243,61,103,248,112,42,150,262,159,28,196,266,201,154,107,150,154,150,201,107,61,206,65,14,243,276,248,Normal-2865
146,145,33,140,215,37,75,248,79,14,121,266,126,5,168,271,173,140,75,140,121,140,168,84,28,201,33,5,210,276,220,Normal-7718
895,201,19,178,210,117,61,266,75,98,103,271,121,89,150,262,173,196,65,187,117,182,164,164,19,238,23,70,196,262,220,COVID-2788
442,150,28,140,196,75,65,220,75,61,107,234,121,61,150,234,159,150,70,145,112,145,154,117,28,187,33,56,192,234,206,COVID-3087
889,135,33,131,285,56,93,215,98,42,154,224,159,33,220,234,224,135,93,135,159,131,220,98,33,178,33,37,280,229,285,COVID-2626
969,154,33,159,220,56,79,257,79,47,126,262,126,42,178,262,173,154,79,154,126,154,173,103,33,210,33,42,224,262,220,Normal-1842
591,150,42,150,238,51,93,248,93,47,140,252,140,37,192,257,187,150,93,150,140,150,192,103,42,201,42,28,238,266,238,Normal-7208
847,154,0,154,178,65,47,243,42,47,89,262,89,33,135,271,131,154,47,154,89,154,131,103,0,192,0,33,178,276,178,COVID-1371
731,145,33,150,294,84,98,220,98,75,164,234,159,61,229,243,224,150,98,150,164,150,229,112,33,196,33,42,294,262,290,Viral Pneumonia-675
709,135,33,159,234,56,93,210,75,51,145,234,121,47,196,243,173,140,84,145,135,150,182,98,37,173,28,56,248,252,224,Viral Pneumonia-424
491,150,51,150,224,65,93,229,93,61,135,234,140,56,178,248,182,150,93,150,140,150,182,112,47,192,51,51,224,257,229,Normal-2215
759,145,23,150,262,61,84,238,79,51,145,248,140,42,206,257,196,145,84,145,140,150,201,103,23,192,19,37,266,262,257,Viral Pneumonia-937
136,154,33,140,206,65,70,234,84,47,112,238,126,37,154,248,173,150,75,150,121,145,164,117,28,206,37,33,196,248,215,Normal-4596
981,145,5,126,285,56,70,238,84,37,140,252,154,23,206,252,224,140,75,135,145,131,215,112,5,196,9,19,276,248,294,Normal-2309
401,154,19,159,271,28,84,285,79,19,150,290,140,14,210,285,206,154,79,154,145,159,210,93,19,224,14,14,276,290,271,COVID-54
907,154,28,140,196,75,61,234,75,61,103,243,117,56,145,243,159,150,70,145,112,145,154,117,23,192,28,56,192,252,206,COVID-3160
967,140,28,140,271,47,89,238,89,42,150,252,150,33,210,257,210,140,89,140,150,140,210,93,28,187,28,23,271,266,271,Normal-1689
481,145,28,145,266,47,89,248,89,33,145,257,145,23,206,266,206,145,89,145,145,145,206,107,28,182,28,23,266,262,262,Normal-1582
770,154,42,159,220,70,89,229,84,56,135,238,131,47,178,248,173,154,84,154,131,159,178,112,42,196,42,37,224,257,220,Viral Pneumonia-1080
498,154,19,150,252,65,75,243,75,56,135,252,135,51,192,252,196,154,75,154,135,150,196,103,14,206,19,37,252,262,257,Normal-2576
91,150,14,150,210,56,65,229,61,47,112,238,112,37,164,243,159,150,65,150,112,150,159,103,14,187,14,37,210,243,210,Normal-5711
118,150,47,150,229,61,93,238,93,47,140,252,135,33,182,266,182,150,93,150,135,150,182,107,47,201,47,23,229,271,229,Normal-4857
947,154,47,154,266,79,103,224,103,61,154,243,154,56,210,252,210,154,103,154,154,154,210,117,47,192,47,51,266,252,262,Normal-939
36,140,47,140,206,47,89,243,89,33,126,252,126,23,168,262,168,140,89,140,126,140,168,84,47,192,47,19,206,271,206,COVID-1823
355,150,47,173,220,75,103,229,79,65,150,243,121,65,192,257,164,154,89,164,135,168,178,112,56,187,42,61,234,266,206,Normal-2281
497,159,37,159,215,70,79,252,84,65,126,257,126,61,168,262,173,159,79,159,126,159,173,112,33,215,37,51,215,271,220,Normal-2553
156,159,28,159,224,61,75,248,75,47,126,262,126,42,178,271,173,159,75,159,126,159,178,103,28,206,23,37,224,276,224,Normal-6262
616,159,19,150,290,61,79,262,89,42,150,266,159,28,215,276,224,159,84,154,154,150,220,107,14,220,19,28,285,271,294,Normal-8315
370,178,37,140,266,51,75,280,112,37,131,285,173,19,187,285,229,168,93,159,150,150,206,112,28,224,47,0,243,280,290,COVID-605
165,150,37,150,271,65,98,243,98,56,154,252,154,47,215,262,215,150,98,150,154,150,215,112,37,206,37,37,271,271,271,Normal-6404
393,117,56,178,243,47,131,206,79,47,182,224,121,47,234,238,168,131,103,145,150,164,196,84,65,154,42,56,285,257,215,COVID-2281
185,150,33,150,266,70,89,229,93,51,150,238,150,42,206,248,210,150,93,150,150,150,206,103,33,192,33,33,266,257,266,Viral Pneumonia-1057
402,168,9,159,243,75,65,238,70,61,126,248,131,61,182,248,187,164,70,164,126,159,187,121,9,206,14,56,243,243,248,COVID-73
606,150,51,150,229,61,93,243,98,56,140,252,140,56,182,252,187,150,93,150,140,150,187,107,47,206,51,47,229,262,234,Normal-8015
692,154,47,140,262,61,93,238,107,42,145,248,159,37,201,252,215,150,98,150,154,145,206,107,42,192,47,23,252,248,271,Viral Pneumonia-232
196,135,14,140,229,65,70,220,65,42,126,243,121,33,178,257,173,135,70,140,121,140,178,103,14,182,14,28,234,266,224,Viral Pneumonia-306
890,150,37,150,243,61,89,238,93,47,135,248,140,42,187,252,192,150,89,150,140,150,192,107,37,201,37,37,238,257,243,COVID-2628
977,140,23,126,229,51,70,215,79,37,121,224,131,28,173,229,187,135,75,131,126,131,178,103,19,178,28,19,224,224,238,Normal-2114
241,145,19,150,271,51,84,238,79,42,150,257,145,37,210,257,206,145,84,150,145,150,210,84,23,206,19,28,276,262,271,Viral Pneumonia-1260
717,140,37,150,252,65,93,220,89,61,150,234,140,51,206,248,196,140,93,145,145,145,201,103,37,178,37,42,257,262,252,Viral Pneumonia-524
318,154,42,140,224,79,79,238,93,61,126,243,140,61,173,238,187,154,89,150,135,145,178,121,37,201,47,56,220,234,234,Normal-4005
870,159,33,159,280,70,93,248,93,61,154,257,154,51,215,262,215,159,93,159,154,159,215,121,33,206,33,47,276,266,280,COVID-2133
113,140,33,145,201,47,75,229,75,37,117,243,117,28,159,252,159,140,75,145,117,145,159,93,33,192,33,14,201,262,201,Normal-8814
166,145,37,150,243,56,93,238,89,51,140,243,140,47,192,252,192,145,89,145,140,150,192,98,37,201,37,42,243,257,243,Normal-2748
262,140,37,145,234,42,89,234,84,28,140,248,135,23,187,257,182,145,89,145,135,145,187,84,42,187,37,19,238,266,234,Normal-4297
243,121,5,135,257,28,75,215,61,9,140,243,126,5,201,262,187,121,70,126,131,131,196,65,9,178,0,0,266,276,252,COVID-624
617,154,42,154,224,56,89,201,84,47,131,201,131,42,178,201,178,154,84,154,131,154,178,103,42,215,42,47,224,271,224,Normal-8317
872,154,42,168,196,79,84,243,75,70,121,252,112,56,164,262,150,159,79,159,117,164,154,107,42,206,37,42,201,271,187,COVID-2159
785,150,33,159,271,84,93,215,89,75,154,229,150,65,215,243,206,150,93,154,150,159,210,112,33,187,28,61,276,252,266,Viral Pneumonia-1234
614,145,42,150,229,56,93,234,89,47,140,243,135,37,187,257,182,145,89,145,135,150,182,93,42,196,42,33,234,262,229,Normal-8291
25,159,28,168,234,65,84,262,75,51,135,276,126,42,187,290,178,164,79,164,131,168,182,121,33,196,28,42,234,294,229,COVID-3602
663,131,56,135,238,33,103,238,98,28,150,238,145,28,196,234,192,131,103,131,150,131,192,75,56,196,56,19,243,243,234,Normal-9997
822,135,33,150,220,75,79,206,75,65,131,220,121,51,178,234,164,140,79,145,126,145,173,112,33,168,28,42,224,248,210,COVID-491
30,154,47,154,234,56,93,243,93,42,140,257,140,33,187,266,187,154,93,154,140,154,187,103,47,192,47,14,234,280,234,COVID-352
449,154,51,159,224,70,98,243,93,56,140,257,135,56,182,262,178,154,93,159,140,159,182,103,56,206,51,51,229,266,220,COVID-3492
954,159,61,150,257,75,103,238,112,56,154,248,164,47,201,252,215,154,112,154,159,150,206,121,61,196,65,37,252,252,262,Normal-1123
811,145,42,140,215,65,84,224,89,51,126,234,131,47,168,243,178,145,84,140,131,140,173,103,42,187,42,42,215,243,220,COVID-200
928,145,61,140,252,70,107,215,107,47,159,238,159,37,206,248,206,140,107,140,159,140,206,103,61,178,61,37,252,252,252,Normal-170
871,135,47,135,290,28,107,243,107,14,168,262,168,0,229,276,229,135,107,135,168,135,229,84,47,187,47,5,294,276,290,COVID-2153
848,150,5,173,168,75,56,234,33,75,98,248,70,70,140,257,112,154,47,159,84,168,126,112,9,178,0,75,182,266,154,COVID-1443
364,150,56,173,187,98,98,210,79,89,131,224,112,89,168,238,140,154,89,159,121,164,154,117,61,178,51,89,201,248,173,COVID-477
87,159,19,154,234,79,70,234,75,65,126,243,131,56,178,248,182,154,75,154,126,154,182,121,19,192,19,47,234,252,238,Normal-7461
181,150,47,150,271,61,98,224,103,42,159,252,159,33,215,257,215,150,103,150,159,150,215,93,42,196,47,33,271,262,271,Viral Pneumonia-425
543,150,37,145,238,56,84,252,89,42,135,257,140,23,187,266,192,150,89,150,140,150,187,93,37,215,37,23,234,266,243,Normal-4649
459,145,47,159,280,70,107,234,98,56,168,262,159,51,224,266,215,150,103,150,164,154,224,107,47,192,42,51,285,271,276,Normal-409
78,173,23,159,257,61,75,266,84,42,131,280,145,28,187,280,206,168,79,168,140,164,196,117,19,224,23,14,248,280,262,COVID-1453
133,145,65,140,276,47,117,238,121,37,168,248,173,23,220,252,224,145,117,145,168,140,224,89,65,196,65,9,271,262,280,Normal-7545
807,135,33,131,215,51,75,210,79,37,121,220,126,28,168,224,168,131,75,131,121,131,168,98,28,173,33,23,210,229,215,COVID-146
920,154,51,145,206,65,84,234,93,56,121,248,131,47,159,257,168,154,89,150,126,150,164,107,51,201,56,37,196,262,210,COVID-3398
443,145,42,150,201,56,84,248,79,42,121,262,117,33,164,266,159,145,79,145,121,145,159,89,42,220,37,28,206,280,201,COVID-3099
398,112,51,159,196,61,107,187,70,47,154,210,98,47,196,224,135,121,89,135,126,145,164,79,61,145,42,51,234,234,173,COVID-2616
211,131,19,145,220,28,79,243,61,14,126,257,112,9,178,271,159,135,70,140,117,145,168,65,23,206,14,5,229,280,206,COVID-738
968,159,28,150,243,65,75,243,84,51,131,257,140,42,182,266,196,159,79,159,135,154,187,117,23,201,28,37,238,276,248,Normal-1728
99,154,28,154,276,51,89,252,89,51,150,257,150,51,215,257,210,154,89,154,150,154,215,112,28,192,28,47,276,262,271,Normal-1298
261,173,56,178,220,103,98,248,93,89,140,252,135,84,182,257,178,173,98,173,140,173,178,131,56,220,51,79,224,257,220,COVID-824
325,154,42,145,238,65,89,238,93,47,135,252,145,37,182,262,192,150,93,150,140,150,187,98,42,210,47,28,234,266,243,Normal-335
26,159,37,168,224,98,89,234,84,75,135,252,126,65,182,266,173,159,84,164,131,164,178,131,42,187,37,56,224,280,220,COVID-3296
296,154,14,145,206,65,56,243,61,51,107,252,112,47,154,257,159,150,61,150,107,150,154,93,9,210,14,37,201,257,206,COVID-2913
754,150,19,145,248,75,75,215,75,56,131,224,135,47,187,234,192,150,75,150,131,150,192,107,19,192,19,37,243,243,248,Viral Pneumonia-878
569,159,47,154,220,79,84,238,93,75,131,238,135,70,173,243,178,159,89,154,131,154,178,117,47,210,47,65,215,248,224,Normal-5977
942,140,56,135,243,61,103,215,103,42,150,234,150,28,196,243,196,140,103,140,150,135,196,103,56,178,56,23,243,248,248,Normal-634
949,145,28,150,248,56,89,234,79,47,140,248,135,42,196,262,187,145,84,150,140,150,196,103,28,192,28,42,252,266,243,Normal-1016
15,159,33,159,234,65,84,248,79,51,135,262,131,42,187,266,182,159,84,159,131,159,182,121,33,196,33,28,234,280,234,COVID-1697
988,150,42,154,257,65,98,243,98,51,150,252,150,37,206,271,206,150,98,150,150,150,206,107,42,201,42,28,257,280,257,Normal-2562
719,150,37,164,276,56,103,252,89,47,159,262,150,47,220,266,206,150,93,154,154,159,215,112,37,187,33,51,280,271,266,Viral Pneumonia-532
583,159,56,150,257,65,103,248,107,51,154,262,159,42,206,276,210,154,103,154,154,154,206,112,51,206,56,33,252,280,262,Normal-6873
989,150,28,150,224,65,75,248,75,51,126,262,126,42,178,271,178,150,75,150,126,150,178,112,28,187,28,37,224,276,224,Normal-2587
965,145,14,140,285,51,79,248,84,42,150,252,150,28,215,262,220,145,84,140,150,140,220,103,14,196,14,23,285,262,285,Normal-1607
455,135,56,150,243,56,107,229,93,47,159,248,140,37,206,257,187,140,103,145,150,150,196,93,61,182,51,37,252,262,234,Normal-173
735,150,33,145,285,70,93,224,98,56,159,243,159,51,220,248,224,150,98,145,159,145,224,98,33,196,33,37,280,252,285,Viral Pneumonia-707
769,150,33,140,271,65,89,234,93,42,145,257,154,28,206,262,215,150,93,145,150,145,210,103,33,201,33,19,262,266,271,Viral Pneumonia-1075
853,135,37,140,224,51,89,220,84,42,135,229,126,33,182,243,173,135,84,135,131,140,178,84,42,178,37,23,229,257,220,COVID-1564
730,145,37,150,294,56,103,234,103,37,168,257,164,28,234,257,229,145,103,145,168,145,229,98,42,187,37,28,294,271,294,Viral Pneumonia-671
531,154,37,150,224,61,79,243,84,51,131,252,131,42,178,257,182,154,84,154,131,150,178,103,33,210,37,42,224,257,229,Normal-4284
632,164,28,173,280,56,98,271,89,51,159,271,150,47,224,280,215,164,93,168,154,168,220,98,33,229,28,47,285,280,276,Normal-8914
704,145,51,150,290,65,112,229,112,56,173,238,168,47,234,252,229,145,112,145,173,150,234,93,56,187,51,42,294,257,290,Viral Pneumonia-336
68,135,47,150,206,75,93,220,79,56,135,234,117,51,173,243,159,140,89,145,126,145,164,103,51,173,47,51,215,243,196,COVID-2527
831,135,5,126,215,56,56,220,61,37,107,229,112,28,159,238,164,131,56,131,112,131,164,103,5,173,9,19,210,238,220,COVID-809
595,159,42,145,210,70,75,243,93,56,117,248,135,51,159,243,178,159,84,154,126,150,168,107,37,215,47,42,201,248,220,Normal-7443
917,145,9,145,173,70,51,224,51,61,89,234,93,51,131,238,135,145,51,145,93,145,131,112,9,182,9,47,173,243,178,COVID-3356
333,121,56,150,262,28,121,229,93,19,178,243,145,19,229,262,196,126,107,135,159,140,210,61,65,178,51,23,280,271,248,Normal-1211
765,145,56,140,238,65,98,215,103,47,145,220,150,37,192,234,196,145,103,145,150,140,192,93,51,192,56,19,234,243,243,Viral Pneumonia-999
656,145,47,150,234,47,93,243,93,37,140,266,140,28,187,285,182,145,93,145,140,150,187,89,51,196,47,23,234,294,229,Normal-9797
843,159,28,154,238,70,79,257,84,47,131,266,135,42,182,271,187,159,79,154,135,154,187,117,28,201,28,28,234,276,243,COVID-1205
507,145,33,140,262,75,89,229,93,56,145,238,150,47,201,243,206,145,89,145,150,140,206,117,33,196,33,37,257,248,266,Normal-3043
636,159,51,150,224,56,89,257,98,51,131,257,140,47,173,257,187,154,93,154,135,150,178,107,47,224,51,33,215,271,229,Normal-9111
169,145,42,140,234,51,89,224,93,37,135,238,140,28,182,243,187,140,89,140,140,140,187,98,42,182,42,19,234,252,234,Normal-5691
105,150,51,150,224,65,93,238,93,51,135,248,135,47,182,252,178,150,93,150,135,150,178,107,51,196,47,33,224,257,224,Normal-10130
852,159,37,150,229,65,79,248,89,42,126,266,140,23,173,276,192,159,84,154,135,150,182,112,33,206,37,19,224,285,238,COVID-1551
17,173,23,173,238,65,79,276,75,51,131,290,131,42,187,294,182,173,79,173,131,173,187,121,23,220,23,37,243,294,238,COVID-3363
747,135,37,154,257,75,98,206,89,70,154,224,140,61,210,234,196,140,93,145,150,150,201,98,42,182,37,56,262,248,248,Viral Pneumonia-791
959,150,61,150,262,70,112,229,112,56,164,243,164,47,210,257,215,150,112,150,164,150,215,112,61,187,61,47,262,257,262,Normal-1261
323,168,56,140,234,79,84,234,112,56,126,243,159,42,173,248,206,164,103,154,145,145,187,121,47,210,61,33,215,248,252,Normal-238
483,154,51,150,234,65,93,252,98,56,140,262,145,47,187,266,192,154,98,150,145,150,187,112,51,206,51,37,229,276,238,Normal-1675
71,182,33,173,192,84,70,262,75,65,107,271,117,56,145,276,159,178,75,178,112,178,154,140,33,215,37,47,187,280,196,COVID-3095
346,145,56,168,178,70,103,224,70,65,135,248,98,70,168,257,126,150,84,159,117,164,150,98,65,182,47,79,196,266,159,Normal-1945
733,145,37,135,257,47,89,243,98,37,140,248,154,28,196,257,206,145,93,140,150,140,201,93,37,196,42,23,252,257,262,Viral Pneumonia-684
924,140,42,145,280,37,103,243,98,28,164,252,159,14,224,262,220,140,103,140,159,145,220,75,42,206,37,19,285,257,276,Normal-6
940,159,56,145,248,79,103,234,107,56,145,248,159,47,192,257,206,154,103,150,150,150,201,121,56,196,61,37,238,262,252,Normal-557
470,150,42,145,276,56,93,243,103,37,154,262,164,28,215,266,220,150,98,145,159,145,215,112,37,187,42,33,271,266,280,Normal-1061
313,159,37,159,182,65,75,257,75,51,112,266,112,47,145,271,145,159,75,159,112,159,145,112,37,215,37,42,182,276,182,Normal-8561
187,135,28,150,229,65,84,220,75,51,135,238,121,47,187,248,168,140,79,145,131,145,178,98,33,182,28,37,238,262,220,Viral Pneumonia-207
9,145,47,145,215,65,89,229,93,51,131,238,131,42,168,248,173,145,89,145,131,145,173,107,47,182,51,42,210,248,215,COVID-2474
649,131,47,140,182,51,84,215,79,47,121,229,112,42,154,234,145,135,84,135,117,135,150,79,51,182,47,37,187,243,178,Normal-9468
353,182,112,159,234,121,131,248,159,107,159,252,192,89,187,252,224,173,145,168,173,164,206,154,107,224,121,79,220,252,252,Normal-2121
173,135,23,140,280,56,89,224,84,42,154,238,150,37,220,243,215,140,89,140,154,140,215,93,23,187,23,33,280,252,280,Viral Pneumonia-370
369,135,42,154,210,61,93,224,75,47,135,252,112,47,178,262,154,140,84,145,126,150,168,93,47,187,33,37,224,276,196,COVID-584
59,131,79,121,294,42,126,215,135,28,182,220,192,19,234,224,248,131,131,126,187,121,243,93,75,168,79,9,290,220,294,COVID-421
444,135,33,135,178,56,70,210,70,47,107,224,103,37,140,234,140,135,70,135,107,135,140,93,33,178,33,37,178,238,178,COVID-3136
121,159,37,154,220,70,79,238,84,61,126,248,131,51,173,252,178,159,84,154,131,154,173,107,33,201,37,42,215,262,224,Normal-2073
457,159,33,150,252,70,84,229,89,51,135,252,145,42,192,262,201,159,84,154,140,154,196,131,28,187,33,33,248,266,257,Normal-185
339,164,84,150,196,107,107,210,117,93,131,220,145,84,159,224,173,159,112,159,140,154,168,131,79,192,89,79,187,229,206,Normal-1756
279,145,61,159,243,56,112,238,98,51,159,243,145,51,206,243,192,150,107,154,154,154,196,89,65,201,56,51,252,243,238,Normal-9207
721,150,37,150,290,61,103,243,103,42,164,257,164,37,224,271,224,150,103,150,164,150,224,103,37,201,37,33,285,276,290,Viral Pneumonia-552
202,140,33,145,238,47,84,238,79,37,135,248,131,28,187,257,182,140,84,145,135,145,187,89,33,196,28,28,238,262,234,Viral Pneumonia-1043
224,150,56,154,257,79,107,229,103,75,154,238,154,70,206,248,201,154,103,154,154,154,206,117,56,196,51,75,257,252,252,Normal-3720
909,145,33,150,210,75,79,224,75,70,121,234,121,65,168,243,164,145,75,145,121,145,164,107,33,192,33,61,210,243,206,COVID-3182
394,150,9,112,248,51,51,224,84,33,112,224,145,23,173,220,206,140,70,131,131,121,187,103,0,196,14,19,234,210,266,COVID-2287
356,164,135,154,229,103,154,220,164,84,173,229,192,75,196,234,215,164,159,159,182,159,206,135,131,196,140,65,220,234,238,Normal-2401
96,154,33,154,252,61,84,252,89,37,140,271,145,23,196,280,196,154,89,154,140,154,196,117,33,201,33,19,248,280,252,Normal-8339
240,140,42,140,187,56,75,229,79,37,112,238,112,28,150,248,150,140,79,140,112,140,150,89,42,201,42,28,187,257,187,COVID-3305
231,182,42,182,248,93,93,271,89,75,145,290,140,70,196,294,192,182,93,182,145,182,196,135,42,224,37,56,248,294,243,Normal-6283
539,150,65,150,238,56,112,238,107,51,154,243,150,42,196,252,192,150,107,150,154,150,196,93,65,201,65,33,238,257,234,Normal-4498
239,140,42,135,285,65,103,220,103,56,164,234,164,37,220,248,224,140,103,135,164,135,224,89,42,192,42,33,280,257,285,Viral Pneumonia-891
912,145,42,150,276,56,103,234,98,42,159,248,159,33,220,257,215,145,103,145,159,145,215,98,47,192,42,28,276,262,271,COVID-3207
605,159,42,159,159,65,75,243,70,51,103,257,98,47,131,266,131,159,75,159,103,159,131,103,42,206,42,42,159,276,159,Normal-7961
523,154,51,150,257,65,98,243,103,56,150,257,154,51,201,257,206,154,103,154,154,154,206,117,47,201,51,56,252,252,257,Normal-3776
713,154,37,135,271,75,89,224,103,51,145,252,164,37,206,257,220,150,93,145,154,140,210,112,33,201,37,23,262,262,280,Viral Pneumonia-452
955,145,47,150,266,42,103,252,98,33,159,262,154,42,215,262,210,150,103,150,159,150,210,89,47,206,47,42,271,266,262,Normal-1128
725,145,33,178,276,93,103,220,84,79,164,252,145,70,229,266,206,150,93,159,154,168,215,112,37,178,28,56,290,285,262,Viral Pneumonia-623
123,154,56,150,215,61,89,248,93,51,131,257,135,37,168,262,178,154,93,154,135,150,173,103,51,215,56,23,210,271,215,Normal-2677
976,150,9,150,210,70,61,229,61,51,107,238,112,42,159,248,159,150,61,150,112,150,159,112,9,187,9,42,206,248,210,Normal-2113
740,154,42,140,262,61,93,238,103,47,145,248,159,33,201,262,215,150,98,145,154,145,206,107,37,206,47,23,257,266,271,Viral Pneumonia-743
176,154,56,145,243,75,98,229,107,51,145,243,154,42,187,248,196,150,103,150,150,150,196,103,56,201,61,37,234,252,243,Viral Pneumonia-840
27,145,19,150,182,51,61,234,56,42,98,248,98,37,140,248,140,145,56,145,98,145,140,107,19,182,19,37,182,252,178,COVID-1051
124,164,51,140,271,61,98,243,117,37,154,257,173,33,206,262,229,159,107,150,164,145,220,112,47,196,56,23,262,262,285,Normal-1035
271,135,47,140,266,33,103,248,98,23,159,257,154,14,215,262,210,135,103,140,159,140,210,89,47,192,47,9,271,271,266,COVID-2251
510,154,14,145,234,51,65,252,70,47,121,252,126,47,173,252,182,150,70,150,121,145,178,112,9,215,14,42,229,252,238,Normal-3173
474,145,65,145,257,56,112,238,112,47,159,252,159,37,206,262,206,145,112,145,159,145,206,107,65,182,65,28,257,271,252,Normal-1379
906,178,28,201,210,107,84,248,65,107,131,257,112,107,178,262,159,182,75,187,121,196,164,140,33,215,23,107,224,271,201,COVID-3139
372,164,33,145,243,51,75,257,93,37,126,266,150,23,178,271,201,159,84,154,140,150,192,112,28,215,37,19,229,271,252,COVID-727
206,168,56,159,220,79,93,252,98,65,131,257,140,56,173,262,182,164,93,164,135,164,178,121,51,215,56,47,215,271,224,COVID-1953
797,126,28,182,271,51,107,229,70,51,173,252,126,56,234,271,187,140,89,154,150,168,210,75,42,196,14,61,294,280,248,Viral Pneumonia-1331
337,164,33,145,220,75,70,252,89,51,112,252,135,42,159,257,182,159,79,154,126,150,173,117,28,220,37,33,206,257,229,Normal-1604
463,140,23,154,243,47,84,248,70,33,140,266,121,23,196,280,178,145,75,150,131,150,187,98,23,178,19,28,252,290,234,Normal-599
475,140,28,150,220,61,79,234,70,47,126,243,121,37,173,252,168,145,75,145,121,145,168,103,28,178,28,37,224,257,215,Normal-1430
776,145,23,150,252,61,79,224,79,51,140,243,135,37,196,252,192,145,79,145,135,150,192,93,23,187,23,28,252,262,248,Viral Pneumonia-1151
665,159,51,159,243,65,103,252,98,61,150,257,145,51,196,262,192,159,98,159,150,159,196,103,51,206,51,51,243,262,243,Normal-10103
435,135,51,140,243,56,103,215,98,51,150,224,150,51,196,229,196,135,103,135,150,135,196,93,51,182,51,37,243,238,243,COVID-2255
545,145,56,140,229,56,93,234,103,47,140,238,145,33,182,248,192,145,98,140,140,140,187,103,56,196,56,28,224,252,234,Normal-4855
888,154,23,159,257,56,84,248,79,42,140,252,135,37,201,257,196,154,79,159,140,159,196,107,23,196,19,28,257,262,252,COVID-2574
82,150,28,150,248,65,84,248,79,51,135,257,135,47,192,262,192,150,84,150,135,150,192,112,28,206,28,37,248,262,248,Normal-7660
273,145,28,145,224,47,79,243,75,37,126,252,126,37,178,252,173,145,79,145,126,145,173,84,28,201,28,33,224,257,224,Normal-1588
289,135,47,140,262,61,103,220,98,51,159,229,150,42,210,243,201,135,103,135,154,140,206,84,51,192,47,33,262,248,257,Viral Pneumonia-889
875,168,47,159,248,84,93,243,98,65,140,252,150,61,192,257,201,164,93,164,145,159,196,126,42,206,47,61,243,257,252,COVID-2207
108,164,37,168,215,79,84,252,79,70,126,262,126,56,173,276,168,164,84,168,126,168,168,117,37,220,37,51,215,285,215,Normal-4185
395,168,37,140,220,93,70,234,93,70,112,238,145,56,159,238,187,164,84,154,131,150,173,135,33,206,47,37,201,238,234,COVID-2426
341,145,33,121,173,56,51,224,84,37,84,229,121,28,121,229,159,140,70,131,103,126,140,103,23,201,42,19,154,229,192,Normal-1891
729,168,19,140,224,98,61,220,79,84,112,224,131,75,164,234,187,164,70,154,121,150,173,121,14,201,23,65,215,238,238,Viral Pneumonia-658
799,145,37,140,248,65,84,224,89,42,140,252,145,28,192,262,196,145,89,145,140,140,196,98,33,192,37,23,243,266,252,Viral Pneumonia-1338
985,145,70,150,210,84,103,206,103,79,140,215,140,75,173,224,173,145,103,145,140,145,173,117,70,178,65,79,210,229,210,Normal-2451
933,159,56,140,262,56,98,248,117,37,150,262,168,23,201,266,220,154,107,150,159,145,210,121,56,196,61,19,252,262,271,Normal-424
250,154,9,150,229,56,65,252,65,42,117,266,121,33,173,271,178,150,65,150,121,150,173,98,9,215,14,28,224,280,229,Normal-7806
200,140,61,150,215,51,103,234,98,37,145,252,135,33,182,262,173,145,98,145,140,145,178,84,65,196,61,28,220,271,210,Normal-625
857,159,33,164,248,61,84,252,84,56,140,262,140,47,196,271,192,159,84,159,140,164,192,107,33,210,28,42,248,280,248,COVID-1664
11,159,47,168,192,84,84,238,75,70,121,252,112,70,159,252,150,159,84,164,117,164,154,121,47,196,42,75,196,257,187,COVID-3039
28,164,19,173,215,93,70,243,65,84,121,252,112,79,168,257,164,168,65,168,117,173,168,126,19,201,19,65,220,271,210,COVID-2834
148,154,37,150,224,61,84,257,89,47,131,266,135,37,173,271,182,154,84,154,131,150,178,112,37,215,37,33,220,271,229,Normal-8879
467,145,33,159,280,47,103,243,89,37,164,257,150,37,224,262,215,145,93,150,159,154,220,107,37,178,33,37,285,266,276,Normal-922
960,159,84,145,262,70,121,234,131,51,164,248,178,37,206,262,224,154,126,150,173,150,215,121,79,196,84,28,252,262,271,Normal-1273
464,150,28,145,252,61,79,224,84,42,140,243,140,33,196,252,196,145,84,145,140,145,196,103,23,178,28,19,252,262,257,Normal-789
77,150,9,145,224,75,65,229,65,56,117,248,117,51,168,257,168,145,65,145,117,145,168,121,9,178,9,42,224,266,224,COVID-1814
601,159,33,150,224,56,75,252,84,42,121,262,131,28,168,262,182,154,79,154,126,150,178,112,28,206,33,28,220,262,229,Normal-7784
125,154,37,154,196,70,75,243,75,61,117,248,117,61,159,243,159,154,75,154,117,154,159,112,37,210,37,56,196,248,196,Normal-8352
749,135,33,150,210,47,84,224,70,42,131,234,112,37,173,238,159,140,75,140,121,145,168,84,37,187,28,42,220,252,201,Viral Pneumonia-801
291,145,28,154,206,56,75,238,65,47,121,252,112,37,168,262,159,150,70,150,117,154,164,89,28,201,23,33,215,266,201,Normal-6859
854,159,56,154,206,89,93,234,98,70,131,257,135,56,168,266,173,154,93,154,131,154,168,121,56,201,56,51,206,271,210,COVID-1631
841,131,19,135,187,42,61,229,61,23,103,243,103,23,145,243,145,131,61,131,103,131,145,93,19,178,19,19,187,252,187,COVID-1182
934,150,33,145,257,65,84,234,93,47,140,248,150,33,196,257,206,150,89,150,145,145,201,112,33,187,37,28,252,262,262,Normal-429
433,121,37,121,238,28,89,224,89,19,135,234,140,9,187,243,187,121,89,121,140,121,187,75,37,192,37,5,234,248,238,COVID-2238
207,150,56,145,248,51,103,238,103,37,150,243,150,33,196,252,201,150,103,150,150,145,196,93,56,196,56,28,243,252,248,COVID-1970
935,154,47,150,238,75,93,224,98,56,145,248,145,47,192,257,192,154,98,150,145,150,192,117,47,192,47,37,238,257,238,Normal-472
343,131,65,164,215,75,112,206,89,65,154,224,121,61,196,238,159,140,103,150,140,154,178,107,70,164,56,65,234,243,201,Normal-1932
7,145,37,140,266,47,93,234,93,28,150,248,150,14,206,262,206,140,93,140,150,140,206,103,37,178,37,5,262,266,266,COVID-1476
602,150,47,131,234,56,84,224,103,42,131,229,150,42,178,229,196,145,93,140,140,135,187,98,42,196,51,37,220,229,243,Normal-7892
514,150,28,140,243,56,75,243,84,47,131,252,140,33,182,257,192,150,84,145,135,145,187,103,28,192,33,28,238,257,248,Normal-3297
505,150,75,121,243,75,103,215,126,56,145,224,173,42,187,224,215,140,117,135,159,131,201,112,70,187,79,37,229,220,257,Normal-2872
793,126,47,145,276,56,112,220,98,51,168,234,154,47,224,248,210,131,103,135,159,140,220,84,51,182,42,37,280,257,266,Viral Pneumonia-1317
215,145,51,140,257,61,98,224,107,47,150,234,159,42,201,238,210,145,103,145,154,140,206,98,51,192,56,33,252,243,262,Normal-7279
160,150,14,154,243,42,75,257,70,33,131,266,126,33,187,266,182,150,70,154,131,154,187,93,14,201,14,33,248,271,243,Normal-5201
388,145,79,178,257,75,140,238,107,65,187,262,150,61,234,276,192,154,121,164,168,168,215,103,89,201,70,56,280,294,234,COVID-1591
734,150,37,150,262,47,93,238,93,37,150,257,150,19,201,262,206,150,93,150,150,150,206,98,37,201,37,9,257,276,262,Viral Pneumonia-689
578,140,51,140,224,61,93,224,98,51,135,238,140,47,178,243,182,140,93,140,135,140,178,103,51,187,51,42,220,252,224,Normal-6642
421,164,28,154,196,89,65,243,75,79,107,252,121,70,150,262,164,164,70,159,112,154,154,126,28,215,33,61,192,271,206,COVID-1397
282,145,37,126,187,75,65,210,79,56,103,224,121,42,140,229,159,140,75,135,112,131,150,107,33,182,37,33,178,229,196,COVID-2259
634,164,33,150,266,70,84,252,98,61,145,257,154,47,201,271,215,164,93,159,150,154,210,107,28,224,37,37,262,280,276,Normal-9032
310,131,37,135,290,37,103,229,98,33,168,243,159,37,229,248,224,131,98,135,164,135,229,79,37,182,37,37,294,248,290,Normal-10115
532,150,9,150,182,65,51,234,51,61,98,243,93,56,140,248,140,150,51,150,98,150,140,117,9,196,9,56,187,252,182,Normal-4310
237,173,28,164,224,56,70,285,84,42,121,290,135,37,168,280,182,168,79,168,126,164,178,103,23,257,33,28,215,285,234,Normal-8661
469,140,70,150,243,51,117,224,107,37,164,248,150,37,206,252,192,140,112,145,154,145,196,84,75,192,70,28,248,266,234,Normal-1023
22,168,47,168,182,89,79,262,84,70,112,271,117,65,150,276,150,168,79,168,117,168,150,131,47,206,47,56,182,290,187,COVID-1502
53,154,47,168,252,75,103,234,93,61,159,248,145,61,206,252,196,154,98,159,150,164,201,117,51,192,47,56,262,257,248,COVID-100
668,131,51,154,266,47,112,234,93,37,168,248,150,37,224,262,201,140,103,145,159,150,210,75,56,187,47,37,276,266,257,Viral Pneumonia-11
657,159,37,159,224,65,84,252,84,56,131,262,131,47,178,271,178,159,84,159,131,159,178,121,37,196,37,37,224,285,224,Normal-9804
300,164,33,159,206,84,75,248,79,65,117,262,121,61,159,271,164,164,75,164,121,159,164,126,33,206,37,51,201,276,210,Normal-6955
648,164,19,164,257,75,79,252,79,61,140,271,140,51,201,280,196,164,79,164,140,164,201,117,19,210,19,42,262,280,257,Normal-9360
815,135,14,140,252,33,75,257,70,19,135,271,131,14,196,276,187,135,75,140,131,140,192,89,14,192,14,5,252,280,248,COVID-320
329,135,37,154,248,47,98,234,79,33,154,257,131,28,206,271,182,140,89,145,140,150,196,84,42,182,33,19,262,290,234,Normal-551
438,159,47,159,252,70,98,248,98,65,150,257,150,65,201,266,201,159,98,159,150,159,201,98,47,224,47,56,252,271,252,COVID-2793
431,140,61,173,248,65,121,234,93,61,168,248,140,65,220,262,187,150,107,154,154,164,201,98,65,196,51,61,266,280,229,COVID-2077
425,135,19,145,201,51,70,224,61,33,117,243,103,28,164,257,150,135,65,140,112,145,159,79,23,187,19,23,210,266,196,COVID-1589
547,140,28,135,224,42,70,243,79,33,121,252,126,23,168,262,178,140,75,140,121,135,173,79,23,201,28,5,215,280,229,Normal-5028
292,140,56,131,206,65,84,220,98,51,121,229,135,47,159,238,178,140,93,135,131,131,168,93,51,196,61,33,196,238,215,Viral Pneumonia-934
763,150,14,168,271,61,84,238,70,56,150,252,131,51,215,266,196,154,75,159,140,164,206,84,19,220,5,47,280,285,257,Viral Pneumonia-989
412,145,37,150,252,33,93,252,89,28,150,262,140,19,201,262,196,145,89,145,145,150,201,89,37,201,33,14,257,266,252,COVID-799
47,182,47,168,248,112,89,252,103,98,140,266,154,93,192,271,206,178,98,178,145,173,196,150,42,220,47,79,238,276,257,COVID-2358
768,135,33,145,271,61,93,215,89,42,154,224,150,28,215,238,210,135,93,140,154,140,215,89,37,173,33,23,276,248,271,Viral Pneumonia-1062
246,154,33,145,210,61,75,238,79,47,117,248,126,37,159,252,168,150,79,150,121,145,164,112,33,192,37,28,206,262,215,Normal-8460
677,135,42,145,280,51,107,234,98,47,164,252,154,33,224,257,215,135,103,140,159,145,220,84,47,196,42,28,285,271,276,Viral Pneumonia-100
838,173,23,135,262,65,70,257,98,47,126,271,159,28,187,280,224,164,84,154,145,145,201,126,19,220,33,14,243,280,285,COVID-1169
110,140,33,140,220,47,79,224,79,37,126,234,126,33,173,243,173,140,79,140,126,140,173,98,33,178,33,33,220,248,220,Normal-4235
81,145,37,150,229,56,84,248,84,47,131,257,131,37,182,266,178,145,84,145,131,150,178,107,37,196,33,33,229,276,224,Normal-2258
147,159,37,154,220,65,79,243,84,51,126,257,131,37,173,271,178,159,84,154,131,154,178,103,37,210,37,23,215,280,224,Normal-9992
309,150,47,140,229,56,89,238,98,47,135,243,140,42,178,248,187,145,93,145,140,140,182,93,47,210,51,37,224,252,229,Normal-9898
229,145,14,145,206,70,61,224,61,51,107,243,112,42,154,252,159,145,61,145,112,145,159,103,14,192,14,33,206,257,206,Viral Pneumonia-1268
236,145,51,135,252,65,98,224,103,51,150,229,154,33,196,248,206,140,103,140,150,135,201,89,51,201,51,19,248,257,257,Viral Pneumonia-968
771,140,28,145,257,70,84,210,84,56,145,229,140,51,201,238,196,140,84,145,140,145,201,93,28,187,28,42,262,252,257,Viral Pneumonia-1099
508,145,42,140,234,51,89,234,89,37,135,243,140,28,182,252,187,140,89,140,135,140,187,89,42,192,42,19,234,266,234,Normal-3059
112,164,65,140,229,84,93,238,121,56,131,252,164,42,168,257,206,159,107,150,145,145,187,117,56,215,75,33,210,262,248,Normal-836
861,150,37,140,243,56,84,234,93,42,135,243,145,33,187,252,196,145,89,145,140,140,192,98,37,196,42,28,238,252,248,COVID-1759
521,145,19,150,220,65,70,224,65,56,121,238,117,51,173,248,168,150,70,150,121,150,168,107,19,178,19,47,224,257,220,Normal-3691
932,150,56,150,266,70,107,224,107,51,159,248,159,33,215,257,210,150,107,150,159,150,215,112,56,187,51,23,266,262,266,Normal-418
484,159,42,150,215,79,79,238,89,65,121,243,131,61,168,248,178,154,84,154,126,150,173,121,37,196,42,51,210,252,220,Normal-1704
958,135,56,150,266,61,117,234,103,47,168,257,154,37,224,266,206,140,107,145,164,150,215,93,61,182,56,37,276,271,257,Normal-1223
201,145,33,150,266,61,93,224,89,47,150,243,150,42,206,248,206,145,89,145,150,145,206,89,33,201,33,33,266,252,262,Viral Pneumonia-1321
892,145,28,154,220,51,79,238,70,47,131,248,117,42,178,257,164,150,75,150,121,154,173,98,28,187,23,33,229,271,215,COVID-2764
299,140,33,150,229,56,84,234,75,42,131,248,126,37,182,262,173,145,79,145,131,145,178,89,33,196,28,28,234,266,224,Viral Pneumonia-1265
835,131,65,145,280,61,121,215,112,51,178,229,168,47,234,238,220,131,117,135,173,140,224,103,65,173,61,37,285,243,271,COVID-953
522,154,33,150,266,47,89,257,93,33,150,266,150,23,206,280,210,150,93,150,150,150,206,107,33,201,33,28,262,271,266,Normal-3716
378,150,65,135,192,93,89,206,103,75,117,220,135,65,150,229,168,145,93,145,126,140,159,126,61,178,65,56,182,234,201,COVID-998
38,164,56,150,206,79,89,238,98,65,121,252,140,56,159,257,178,159,93,159,131,154,168,126,56,201,61,51,196,262,215,COVID-726
360,107,23,145,187,19,84,220,42,14,131,243,79,9,178,262,117,117,65,126,107,135,150,51,37,178,5,14,220,276,159,COVID-2
16,159,23,159,182,89,61,238,61,75,103,252,103,65,140,257,140,159,61,159,103,159,140,121,23,196,23,56,178,266,182,COVID-3380
691,145,56,135,262,61,103,229,107,42,154,234,159,37,206,252,215,140,107,140,159,140,210,93,51,196,56,23,257,252,266,Viral Pneumonia-225
72,126,70,150,229,51,121,220,98,42,164,238,135,42,206,252,173,135,112,140,150,145,187,89,79,173,65,37,243,266,210,COVID-1031
564,159,42,154,210,61,84,257,89,56,121,262,131,42,164,271,168,159,84,159,126,159,168,103,42,220,47,37,206,276,210,Normal-5777
646,159,19,145,220,75,61,238,75,65,112,238,126,61,164,238,178,154,65,154,121,150,168,112,14,210,19,56,215,243,229,Normal-9343
285,145,47,145,238,56,93,234,98,42,140,248,145,28,187,257,192,145,93,145,145,145,192,89,47,201,47,28,238,262,243,Viral Pneumonia-101
693,159,42,145,252,89,89,234,103,75,140,248,154,65,192,252,206,154,93,150,150,150,201,117,37,206,47,56,243,257,257,Viral Pneumonia-237
596,145,42,140,215,70,79,234,89,51,121,243,131,37,164,252,173,145,84,140,126,140,168,107,37,206,42,23,210,257,220,Normal-7551
708,159,65,150,266,70,112,243,121,51,159,257,173,47,210,257,224,159,117,154,168,150,215,121,65,196,70,42,257,257,271,Viral Pneumonia-401
845,145,61,150,290,56,117,234,117,42,178,243,173,33,234,257,229,145,117,145,178,145,234,103,61,187,56,23,294,262,290,COVID-1234
120,145,33,145,164,65,65,224,61,61,98,229,98,56,131,234,131,145,65,145,98,145,131,89,33,196,28,47,164,243,159,Normal-7573
908,159,47,150,262,42,93,257,107,28,150,262,159,19,201,266,215,154,103,154,154,150,206,98,47,215,51,9,252,271,266,COVID-3166
529,150,33,145,215,61,75,248,79,51,121,252,126,42,168,257,173,150,79,150,126,150,168,112,33,201,33,33,215,266,220,Normal-4208
661,154,47,150,220,51,84,257,93,47,126,252,135,47,168,257,178,154,89,150,131,150,173,117,42,192,47,37,215,262,224,Normal-9934
876,154,33,150,266,61,89,238,89,47,150,252,150,42,206,257,206,150,89,150,150,150,206,107,28,192,33,37,266,262,266,COVID-2233
308,145,5,150,234,51,61,243,56,42,121,248,117,37,178,252,173,150,61,150,117,150,173,93,5,196,0,37,234,257,229,Normal-7595
726,140,33,150,252,65,89,224,84,47,145,252,135,37,201,262,192,140,84,145,140,145,196,103,33,178,28,14,257,276,248,Viral Pneumonia-634
694,131,51,145,290,42,112,224,107,33,173,243,164,28,234,252,224,135,112,140,168,140,229,89,51,178,47,28,294,266,285,Viral Pneumonia-243
145,173,56,159,285,89,107,262,117,70,164,271,178,47,224,290,234,168,112,168,168,164,229,126,51,229,56,33,280,294,294,Normal-6411
226,159,28,145,238,70,75,243,84,47,126,262,140,33,178,266,192,154,79,154,131,150,182,112,23,206,28,23,229,266,243,Viral Pneumonia-149
334,145,84,150,206,84,117,206,112,79,150,215,140,79,182,224,173,145,117,150,145,150,178,107,84,178,84,79,210,229,201,Normal-1466
344,121,107,135,173,79,131,164,117,70,150,178,131,65,168,187,150,126,121,131,140,131,159,93,112,145,103,65,187,196,164,Normal-1940
500,150,47,164,229,70,98,238,84,56,145,257,131,51,192,266,173,154,93,159,135,159,182,112,51,187,47,47,234,280,220,Normal-2690
783,154,56,150,280,75,107,229,112,56,164,243,168,47,220,252,224,154,112,150,168,150,224,107,51,206,56,47,276,257,280,Viral Pneumonia-1217
189,145,9,150,248,61,70,234,70,42,131,248,126,37,192,262,187,145,70,150,131,150,187,98,14,192,9,37,252,262,248,Viral Pneumonia-28
183,150,47,135,248,65,93,220,103,51,145,234,154,33,192,243,206,145,98,145,150,140,201,98,47,192,51,28,243,248,257,Viral Pneumonia-1329
389,159,14,182,206,98,70,238,56,84,121,257,103,84,168,266,150,168,61,173,112,178,159,131,19,192,9,84,220,271,196,COVID-1751
417,164,19,150,243,56,70,271,84,33,121,280,140,23,178,280,196,159,75,154,131,150,187,112,19,229,23,9,234,290,252,COVID-1233
568,154,37,154,210,75,79,238,79,65,126,248,121,56,168,257,164,154,79,154,121,154,168,107,37,206,37,42,215,266,210,Normal-5959
111,145,14,145,201,47,61,248,61,37,107,252,107,37,154,262,154,145,61,145,107,145,154,107,14,192,14,37,201,257,201,Normal-4484
996,154,42,150,248,61,89,234,93,51,140,243,145,47,192,243,196,150,93,150,145,150,196,117,42,192,42,51,243,243,248,Normal-3124
280,145,47,150,238,65,98,220,89,56,145,234,140,51,196,243,187,145,93,145,140,150,192,103,47,178,42,47,243,248,234,Normal-10027
672,159,37,131,238,61,75,243,103,42,126,248,154,37,178,252,206,150,89,145,140,140,187,112,33,201,47,28,224,252,257,Viral Pneumonia-70
403,154,75,145,262,75,117,238,126,56,159,252,173,42,206,257,220,154,121,150,168,145,215,112,70,206,75,33,252,262,266,COVID-148
471,154,56,145,252,65,103,234,107,51,150,252,159,37,196,257,206,150,103,150,154,145,201,98,56,206,56,33,248,257,257,Normal-1109
817,154,9,154,294,42,79,262,79,37,150,280,154,28,224,276,224,154,79,154,154,154,224,103,9,201,9,28,294,276,294,COVID-347
987,154,23,150,210,65,65,243,75,47,112,252,121,37,159,257,168,154,70,150,117,150,164,107,23,206,28,33,206,262,215,Normal-2548
128,150,5,150,248,51,65,243,65,37,126,257,126,33,187,262,187,150,65,150,126,150,187,98,5,201,5,28,252,271,248,Normal-5766
486,145,42,140,187,65,75,224,79,56,112,234,117,47,150,234,150,145,75,140,112,140,150,112,37,192,42,37,182,243,187,Normal-1820
382,135,75,117,262,56,112,210,131,42,159,215,178,33,201,210,224,131,121,126,168,121,215,89,65,187,79,14,248,215,271,COVID-1137
611,159,28,150,224,47,70,276,84,37,121,285,135,23,168,290,182,159,75,154,126,154,178,93,23,238,33,19,220,290,234,Normal-8205
311,173,33,154,234,75,75,252,89,65,126,257,140,56,173,257,192,168,84,164,131,159,182,117,28,220,37,47,224,257,243,Normal-2744
789,154,47,145,252,56,93,248,103,42,145,262,154,37,196,262,206,150,98,150,150,145,201,93,47,215,51,28,248,262,262,Viral Pneumonia-1279
42,145,42,145,238,56,93,229,89,47,140,238,140,37,192,248,187,145,93,145,140,145,192,107,42,182,42,28,243,262,238,COVID-443
342,168,47,145,201,93,75,224,93,70,112,238,135,61,150,238,178,164,84,159,126,150,164,135,42,201,51,51,187,234,215,Normal-1927
883,154,33,154,192,75,70,234,70,65,112,243,112,56,150,248,150,154,70,154,112,154,150,112,33,192,33,47,192,252,192,COVID-2494
472,135,47,154,271,42,112,243,98,37,168,262,150,37,224,266,206,140,103,145,159,150,215,98,51,173,47,37,280,271,262,Normal-1227
269,145,33,145,271,70,93,224,93,56,154,238,150,42,210,248,210,145,93,145,150,145,210,84,33,201,33,42,271,248,266,Viral Pneumonia-804
859,154,23,164,248,75,79,243,75,65,135,257,131,65,196,262,187,159,79,159,135,159,192,117,23,196,19,56,252,262,248,COVID-1725
804,135,28,121,224,51,70,215,84,37,121,224,135,28,168,234,187,131,79,131,126,126,178,93,23,182,33,19,220,248,234,COVID-56
820,154,33,154,243,65,84,238,84,56,140,257,135,51,192,266,192,154,84,154,140,154,192,117,33,192,33,61,248,266,243,COVID-468
891,154,33,159,206,70,75,243,75,56,121,257,117,47,164,266,164,154,75,154,121,154,164,112,33,206,33,42,206,266,206,COVID-2686
809,159,19,159,215,75,65,248,65,61,117,257,117,56,164,271,164,159,65,159,117,159,164,117,19,201,19,51,210,271,215,COVID-157
331,154,61,131,220,79,89,215,112,61,126,224,154,47,164,238,196,150,98,145,140,135,178,112,51,196,65,33,206,238,234,Normal-764
347,159,37,192,182,84,93,252,56,75,135,280,89,79,168,294,121,168,75,178,112,187,150,112,51,201,28,84,206,294,159,Normal-1978
102,159,65,150,187,75,89,229,103,61,117,238,135,56,145,238,164,159,98,154,126,150,154,117,65,196,70,47,178,238,192,Normal-7874
137,154,23,145,229,56,70,248,79,47,121,252,131,37,173,252,182,150,75,150,126,145,178,107,19,210,28,33,224,252,234,Normal-5020
699,145,47,154,290,56,112,234,103,47,173,248,164,42,234,257,224,145,107,150,168,150,229,98,47,192,47,33,294,262,285,Viral Pneumonia-267
927,150,51,145,238,70,98,229,98,47,145,248,145,37,192,257,192,145,98,145,145,145,192,103,51,192,51,28,238,262,243,Normal-74
766,140,23,150,276,51,89,224,79,42,150,243,145,37,215,248,206,140,84,140,150,145,210,93,23,182,19,37,276,257,271,Viral Pneumonia-1048
465,145,37,150,252,51,93,248,84,47,145,257,140,37,201,262,196,145,89,150,145,150,196,103,37,192,33,33,252,266,248,Normal-829
157,150,9,145,182,75,51,224,56,61,93,234,98,56,135,234,145,150,56,150,98,145,140,103,9,192,9,47,182,238,187,Normal-7848
3,145,37,154,206,51,84,229,75,33,131,252,112,23,173,262,154,145,79,150,121,150,164,93,42,164,37,19,215,271,196,COVID-1387
979,154,37,145,252,51,89,248,93,42,140,248,150,19,196,257,201,150,89,150,145,150,201,103,33,206,37,14,248,257,257,Normal-2194
926,145,28,154,248,79,84,220,79,56,140,243,135,47,196,262,187,150,84,150,135,150,192,107,28,182,28,51,248,266,243,Normal-67
375,201,19,187,196,117,56,266,70,103,98,271,117,93,140,271,159,196,65,192,107,187,150,164,19,243,23,84,182,271,201,COVID-947
204,164,42,150,201,65,75,248,89,51,112,257,131,47,154,257,173,159,84,154,121,150,164,107,37,210,47,42,192,248,210,COVID-140
622,150,51,145,215,61,89,243,93,51,131,252,135,47,168,257,178,150,89,150,131,145,173,103,47,210,51,37,210,266,220,Normal-8432
387,121,70,159,252,42,131,196,103,28,182,220,145,19,234,234,192,131,117,140,164,150,210,84,79,150,65,19,280,248,238,COVID-1558
43,159,47,154,252,75,93,238,103,65,145,248,154,61,196,252,206,159,98,154,150,154,201,121,47,192,47,56,248,262,252,COVID-1505
265,135,37,145,266,42,98,238,89,28,159,257,145,23,215,271,201,140,93,140,150,145,210,79,42,201,33,23,271,262,257,COVID-1656
778,131,47,145,262,79,103,206,93,70,159,220,150,65,215,229,201,131,103,135,154,140,210,98,47,182,42,65,271,229,257,Viral Pneumonia-1161
161,159,37,150,257,75,89,238,98,61,145,257,150,51,196,262,206,154,93,154,150,150,201,121,37,196,42,42,252,266,262,Normal-6797
938,145,42,159,285,47,107,252,98,42,168,266,159,37,229,271,220,150,103,154,164,154,224,89,47,201,37,37,290,271,280,Normal-509
376,112,33,117,215,28,79,206,75,14,126,215,121,9,173,224,164,112,79,117,121,117,168,70,33,159,33,5,215,234,210,COVID-972
95,135,9,150,257,47,75,238,61,37,140,252,126,28,206,271,187,140,70,145,131,150,196,84,14,192,5,23,266,285,248,Normal-3168
624,145,37,135,271,56,93,234,103,47,150,243,159,37,206,252,215,140,98,140,154,135,210,93,37,206,42,33,262,252,276,Normal-8584
723,196,75,135,206,126,79,257,140,103,107,257,178,70,135,252,215,178,107,168,140,150,168,164,56,238,93,47,164,252,252,Viral Pneumonia-595
537,150,37,140,252,56,89,243,93,37,140,252,150,28,196,262,206,145,93,145,145,140,201,103,37,196,42,14,248,271,257,Normal-4448
286,159,23,159,196,70,65,252,65,42,112,276,107,28,154,285,154,159,65,159,112,159,154,117,23,210,23,23,196,290,196,COVID-670
31,159,5,145,243,79,61,229,70,61,117,238,131,47,178,248,187,154,65,150,126,145,182,112,5,192,9,33,234,252,248,COVID-1238
303,154,23,140,234,51,70,252,79,42,121,257,131,33,173,257,182,150,75,150,126,145,178,103,19,210,23,28,224,257,238,Normal-2183
90,154,28,150,248,65,79,229,84,56,135,238,140,51,192,243,196,154,84,154,140,150,192,107,28,187,28,42,248,248,252,Normal-30
814,150,47,150,248,56,98,248,98,47,150,252,145,47,196,262,196,150,98,150,150,150,196,103,47,192,47,33,248,276,243,COVID-316
307,159,19,154,285,56,84,252,84,47,150,262,150,33,220,271,220,154,84,154,150,154,220,103,19,220,19,23,285,280,285,Normal-9875
998,145,37,145,243,51,89,238,89,42,145,248,140,33,196,257,192,145,89,145,140,145,192,98,37,192,37,28,248,257,243,Normal-3305
452,145,56,154,234,65,103,229,93,51,145,248,140,47,192,257,182,150,98,150,140,150,187,103,56,182,51,42,234,262,229,Normal-66
821,140,28,150,276,61,93,229,89,51,154,238,150,51,215,252,210,145,89,145,150,150,215,103,28,182,28,47,276,262,271,COVID-472
580,145,28,150,210,51,75,243,70,47,121,243,117,42,168,248,164,145,75,145,121,145,164,107,28,182,28,37,210,248,210,Normal-6743
581,154,47,150,262,56,98,248,103,47,154,257,154,51,206,252,210,150,103,150,154,150,206,107,47,201,47,47,262,252,262,Normal-6774
60,140,42,140,248,47,93,224,93,37,145,243,145,28,196,248,196,140,93,140,145,140,196,98,42,182,42,19,248,257,248,COVID-2657
430,150,42,154,224,56,89,252,84,37,135,266,131,28,178,276,178,150,89,150,131,154,178,93,42,215,42,23,224,285,224,COVID-2072
440,159,33,159,201,75,70,248,75,65,112,252,117,65,154,252,159,159,75,159,117,159,159,107,33,220,33,56,196,257,201,COVID-2887
454,145,75,150,248,84,117,224,112,70,164,238,154,61,206,248,201,145,117,150,159,150,201,112,75,182,70,51,248,252,243,Normal-105
919,140,79,135,234,75,117,201,117,61,154,215,159,51,192,220,196,135,117,135,154,135,196,103,79,178,79,51,234,220,234,COVID-3396
4,145,9,145,248,65,70,224,70,61,131,229,131,61,192,234,187,145,70,145,131,145,192,112,9,178,9,56,248,243,248,COVID-3333
966,145,28,145,201,61,70,234,70,51,117,243,112,37,159,248,159,145,70,145,117,145,159,103,28,192,28,33,201,252,201,Normal-1651
436,150,19,150,243,65,75,229,75,61,131,238,131,56,187,243,187,150,75,150,131,150,187,103,19,201,19,56,243,243,243,COVID-2542
513,150,42,150,248,56,93,248,89,42,145,262,140,33,196,276,192,150,93,150,145,150,196,112,42,187,42,23,248,285,243,Normal-3270
921,154,19,131,196,70,51,220,70,47,93,229,117,37,140,234,159,145,61,140,103,135,150,126,14,182,19,42,182,229,206,COVID-3443
266,140,33,150,252,75,89,210,84,61,145,224,140,47,201,238,192,140,89,145,140,145,196,98,37,182,33,37,252,248,248,Normal-5596
627,150,14,140,224,37,65,243,70,28,117,248,121,19,168,257,178,145,65,145,121,140,173,75,9,215,14,14,220,262,229,Normal-8735
182,145,47,145,224,75,93,210,93,65,135,224,135,51,182,234,182,145,93,145,135,145,182,103,47,178,47,42,224,243,224,Viral Pneumonia-767
428,159,14,150,173,93,47,224,56,70,84,238,98,61,126,243,140,159,51,154,93,154,131,126,9,196,14,51,164,243,178,COVID-1753
565,159,42,145,215,65,79,252,93,51,121,252,135,47,164,252,182,154,84,150,131,145,173,112,37,206,47,37,206,252,224,Normal-5829
630,150,42,145,276,33,98,262,103,28,154,266,159,14,215,271,220,150,98,145,159,145,215,93,42,220,42,14,271,266,276,Normal-8810
357,159,84,112,224,93,103,206,140,75,135,210,178,56,168,206,215,150,121,135,154,126,192,131,75,187,93,42,201,196,252,Normal-2647
142,150,42,154,229,56,89,238,89,47,135,252,131,37,182,257,178,150,89,154,135,154,182,93,42,196,42,37,229,262,224,Normal-9308
66,182,65,173,234,103,103,248,107,84,145,266,154,79,187,276,196,178,107,178,150,173,192,145,61,210,65,70,229,280,238,COVID-2023
993,159,47,159,243,65,93,248,93,61,145,257,145,56,192,257,192,159,93,159,145,159,192,121,47,196,47,56,238,257,243,Normal-2956
925,154,33,150,187,75,65,238,75,65,103,248,112,61,140,252,154,154,70,150,107,150,150,117,28,201,33,61,182,257,192,Normal-9
163,145,37,140,215,47,79,243,89,33,121,252,131,28,164,252,173,145,84,140,126,140,168,98,37,210,42,19,210,257,220,Normal-5932
158,150,28,159,210,79,75,229,70,65,121,243,112,61,168,252,159,150,75,154,117,154,164,121,28,182,28,56,215,262,206,Normal-3343
178,164,42,135,234,75,79,243,103,56,126,252,154,42,173,252,201,159,89,150,140,145,187,121,37,206,47,37,220,248,252,Viral Pneumonia-250
405,164,14,150,248,51,65,271,79,37,121,276,140,23,178,285,196,159,70,154,131,150,187,89,9,248,19,5,234,290,257,COVID-207
254,145,23,135,252,56,75,224,79,42,131,243,140,28,187,252,196,145,79,140,135,140,192,103,19,187,23,23,248,252,257,COVID-106
434,131,42,150,243,65,98,210,84,61,150,215,135,61,196,220,182,135,93,140,140,145,192,89,47,182,37,56,248,229,234,COVID-2243
326,164,33,140,243,79,75,238,93,51,126,252,150,37,178,257,201,154,84,150,135,145,187,121,28,201,37,28,229,257,252,Normal-359
777,135,37,168,276,47,107,229,84,37,173,248,140,37,234,262,201,145,93,150,154,159,215,79,42,178,28,37,294,271,262,Viral Pneumonia-1152
37,135,37,145,257,65,93,224,89,51,150,238,145,51,206,248,201,140,93,140,150,140,206,112,37,164,37,33,262,257,257,COVID-2725
948,154,33,145,262,84,84,220,93,65,145,234,150,51,201,243,206,150,89,150,145,145,206,117,28,192,33,47,257,243,266,Normal-964
480,135,51,135,192,61,84,210,84,47,121,229,121,37,159,234,159,135,84,135,121,135,159,98,51,173,51,37,192,238,192,Normal-1500
416,131,23,154,243,33,93,234,65,19,150,252,121,14,206,262,173,135,79,145,135,150,187,89,28,182,19,14,262,276,229,COVID-1159
834,126,33,159,243,33,98,243,70,19,154,266,121,14,210,290,168,135,84,145,135,150,192,65,42,187,23,9,262,294,220,COVID-949
819,154,33,159,229,84,84,248,79,70,135,262,126,65,182,271,178,154,84,154,131,159,178,117,37,201,33,61,234,280,224,COVID-437
603,168,37,168,215,103,84,243,84,93,126,252,126,84,168,257,173,168,84,168,126,168,168,131,37,210,37,79,210,252,215,Normal-7909
900,154,47,150,224,56,84,252,93,42,131,262,135,33,173,271,182,150,89,150,131,150,178,103,42,220,47,33,220,276,224,COVID-2914
314,140,33,154,168,70,75,215,61,56,107,234,93,56,145,243,126,140,65,145,103,150,135,98,37,182,28,56,178,248,159,Normal-9419
849,140,28,145,243,42,84,248,75,33,135,266,131,19,192,276,182,140,79,145,135,145,187,98,28,187,23,19,243,290,234,COVID-1458
410,140,9,135,187,56,51,224,56,42,93,234,103,37,140,234,145,140,56,135,98,135,140,98,9,192,14,33,182,234,192,COVID-498
374,201,70,168,210,126,89,262,121,93,121,266,159,79,154,271,196,192,107,182,140,173,178,168,65,234,79,70,187,266,234,COVID-914
881,154,28,154,224,75,75,229,75,70,126,234,126,70,173,243,173,154,75,154,126,154,173,117,28,192,23,65,224,252,224,COVID-2461
572,150,42,150,248,51,93,248,93,42,145,252,145,33,196,257,196,150,93,150,145,150,196,107,42,196,42,33,248,262,248,Normal-6222
114,145,61,159,248,56,112,243,103,47,164,257,150,37,210,271,196,150,107,150,154,154,201,93,65,201,61,28,257,280,238,Normal-7293
604,159,19,159,196,70,61,252,61,56,107,262,107,47,150,266,150,159,61,159,107,159,150,107,19,210,19,47,196,271,196,Normal-7957
381,107,23,159,262,5,107,229,61,0,168,252,117,0,229,271,173,121,84,135,140,145,201,33,37,164,14,0,294,285,234,COVID-1103
104,154,42,150,210,56,84,243,84,47,126,257,126,33,168,262,168,150,84,150,126,150,168,107,42,196,42,23,210,271,215,Normal-3583
645,140,19,135,229,37,70,238,75,28,121,252,126,23,173,252,178,135,70,135,121,135,178,103,19,178,19,19,224,248,229,Normal-9323
253,154,42,154,187,56,79,248,79,47,117,262,117,42,154,262,150,154,79,154,117,154,154,89,42,210,42,42,192,266,187,Normal-6922
560,150,75,145,271,51,126,248,126,33,173,262,178,23,224,276,224,150,126,150,173,145,224,98,75,196,75,14,271,285,276,Normal-5587
192,154,61,150,220,70,98,229,103,51,140,252,145,42,178,262,182,154,103,154,140,154,182,103,61,201,61,37,220,262,224,Viral Pneumonia-386
138,131,14,150,229,65,75,206,61,51,131,229,112,47,182,234,168,135,65,140,121,145,178,98,19,164,9,47,238,243,220,Normal-4846
227,159,37,150,248,70,89,229,93,51,140,243,150,33,192,252,201,154,93,154,145,150,196,93,37,206,42,23,243,262,252,Viral Pneumonia-98
874,178,33,178,290,103,98,262,98,79,159,280,164,70,224,285,224,178,98,178,164,178,224,140,33,220,33,51,290,294,290,COVID-2203
519,150,42,145,206,47,79,243,84,42,121,252,126,33,164,252,168,150,84,150,126,145,168,103,42,196,42,28,206,257,210,Normal-3602
101,164,37,159,224,70,79,252,84,61,126,257,131,47,173,271,182,164,84,159,131,159,178,112,33,220,37,42,224,271,229,Normal-7635
19,187,19,178,178,98,56,266,61,84,93,280,103,75,131,285,140,182,56,182,98,178,135,150,19,224,19,70,173,280,178,COVID-2169
427,131,47,140,224,61,93,210,89,47,140,224,131,37,182,238,173,135,93,135,135,140,178,84,51,182,47,28,229,248,215,COVID-1727
172,164,28,140,271,65,79,243,93,47,140,262,159,37,196,262,220,159,89,154,150,150,210,112,23,210,28,28,262,262,280,Viral Pneumonia-549
501,150,19,150,285,61,84,238,84,47,150,252,150,23,220,271,215,150,84,150,150,150,215,112,19,192,14,9,285,280,280,Normal-2807
386,173,33,201,187,112,84,257,56,103,126,280,93,103,168,294,131,182,70,187,112,196,150,140,37,206,23,103,206,294,168,COVID-1540
272,135,28,145,229,61,84,224,75,42,135,243,121,33,182,252,173,140,79,140,126,145,178,84,33,192,28,28,234,266,220,Viral Pneumonia-819
219,145,19,140,215,61,65,229,65,61,117,234,117,56,164,234,168,145,65,140,117,140,164,107,19,201,19,51,215,238,215,Normal-6194
62,131,28,140,243,61,84,215,79,51,140,224,131,47,192,234,187,131,84,135,135,135,187,103,33,164,28,33,243,248,238,COVID-1143
760,145,42,159,276,65,103,234,93,42,164,257,154,42,224,271,210,145,103,150,159,154,215,107,47,196,37,37,280,271,266,Viral Pneumonia-943
650,140,70,140,220,75,103,210,107,61,140,224,145,56,178,224,182,140,107,140,145,140,182,103,65,178,70,56,215,224,220,Normal-9470
162,145,47,135,248,51,93,234,103,42,145,243,150,37,192,248,201,145,98,140,150,140,196,89,47,210,51,23,243,252,252,Normal-2525
235,150,75,145,262,51,121,238,126,42,168,243,173,33,215,248,220,150,121,150,168,145,215,89,75,210,79,23,257,262,266,COVID-2078
982,150,9,150,215,65,61,243,61,51,112,248,112,37,159,257,164,150,61,150,112,150,164,112,9,201,9,23,210,262,215,Normal-2344
972,154,37,150,210,70,79,234,84,56,121,248,121,47,164,252,168,150,84,150,121,150,168,117,37,192,37,42,206,262,210,Normal-2044
635,154,47,154,234,65,93,248,93,56,140,252,140,51,187,257,187,154,93,154,140,154,187,112,47,206,47,37,234,266,234,Normal-9073
571,164,37,150,271,70,89,252,98,51,145,257,159,47,206,262,220,159,93,154,154,150,215,112,33,210,37,37,266,271,280,Normal-6188
556,145,33,150,262,56,93,238,89,47,150,248,150,47,206,252,206,145,93,150,150,150,206,98,33,192,33,47,262,252,262,Normal-5289
245,150,37,145,248,65,84,234,93,47,140,243,145,33,192,257,196,150,89,145,140,145,196,84,33,196,37,23,243,262,252,Viral Pneumonia-1092
419,154,19,159,210,75,70,234,65,65,117,248,112,61,164,252,159,154,65,154,117,159,164,126,19,182,19,65,210,252,206,COVID-1313
284,150,28,154,224,70,79,234,75,47,131,252,121,42,178,257,173,150,79,150,126,154,178,98,28,192,28,37,229,262,220,Viral Pneumonia-94
290,140,37,154,234,56,93,229,84,47,140,248,131,42,187,252,178,145,89,145,135,150,182,79,42,201,37,37,238,262,224,Viral Pneumonia-771
846,159,42,145,280,42,93,271,107,28,154,280,168,19,210,285,229,154,103,150,159,150,220,93,37,215,47,19,271,290,285,COVID-1283
494,145,37,145,220,56,84,234,84,47,126,243,131,33,173,257,173,145,84,145,126,145,173,103,37,196,37,19,215,271,220,Normal-2372
536,154,37,150,234,51,84,257,89,42,135,266,135,33,182,271,187,150,89,150,135,150,182,98,37,210,37,28,229,276,234,Normal-4433
408,168,23,154,206,65,65,248,75,47,107,262,121,37,154,262,168,164,70,159,117,159,159,112,19,206,28,33,196,262,215,COVID-334
997,150,28,135,280,51,84,243,93,37,150,252,159,33,210,248,220,145,89,140,154,135,215,103,23,196,28,28,276,252,285,Normal-3194
840,150,14,140,238,70,65,224,75,56,121,234,131,47,178,234,187,150,70,145,126,145,182,112,14,187,19,33,234,234,243,COVID-1180
151,182,84,164,224,93,107,276,131,75,140,285,168,65,178,290,201,178,117,173,154,168,187,135,79,234,89,65,215,290,238,Normal-8543
140,131,42,126,192,42,75,229,84,19,112,248,121,9,150,257,159,131,79,126,117,126,154,84,42,196,47,0,187,266,196,Normal-6151
975,140,42,145,220,51,89,238,84,37,131,248,131,33,178,252,173,140,89,140,131,140,178,93,42,192,42,37,220,243,220,Normal-2102
884,150,42,145,262,65,93,234,98,56,150,243,154,42,201,252,206,150,98,150,150,150,206,107,42,196,42,28,257,257,262,COVID-2512
637,145,28,150,252,47,84,243,84,37,140,252,135,37,196,257,192,145,84,150,140,150,196,89,28,201,28,37,252,257,248,Normal-9112
803,135,23,140,206,42,70,238,65,28,117,248,112,28,164,257,159,135,70,135,117,135,159,98,23,173,23,28,210,257,206,COVID-36
164,154,56,154,201,75,93,229,93,65,131,238,131,61,168,243,164,154,93,154,131,154,168,112,56,196,56,61,206,248,201,Normal-6820
336,164,37,178,145,117,70,215,56,112,98,229,84,107,121,234,107,168,61,168,89,173,117,135,37,187,33,107,150,243,135,Normal-1572
615,140,28,135,229,37,75,252,84,19,126,271,135,9,178,280,182,140,79,140,131,135,178,79,28,210,33,9,224,280,234,Normal-8304
772,145,47,140,234,70,89,215,93,51,135,224,145,42,182,234,192,145,93,140,140,140,187,107,47,182,47,37,229,243,238,Viral Pneumonia-1100
739,135,37,150,285,47,103,234,93,42,168,243,159,47,229,248,220,140,103,145,164,145,224,98,42,173,37,42,290,262,280,Viral Pneumonia-719
654,145,28,145,243,61,84,238,79,47,135,252,135,42,187,262,187,145,84,145,135,145,187,107,28,196,28,33,243,271,238,Normal-9558
836,159,14,164,224,75,70,252,65,51,121,271,117,42,173,280,173,159,65,159,121,164,173,121,14,201,14,28,224,294,224,COVID-1032
628,145,33,135,224,56,75,229,84,47,121,238,131,37,168,243,178,145,79,140,126,140,173,107,28,182,33,33,220,248,224,Normal-8745
18,131,42,159,224,79,98,206,79,65,145,220,121,65,192,229,168,135,89,145,135,150,178,107,47,154,37,65,238,238,210,COVID-3031
742,182,14,145,252,79,56,257,84,61,117,262,145,42,173,271,210,173,70,164,131,154,192,98,0,243,23,28,234,285,271,Viral Pneumonia-752
362,168,9,159,196,70,51,266,61,56,98,276,107,47,140,280,154,168,56,164,103,164,150,117,9,238,14,47,187,276,201,COVID-403
439,173,51,168,262,98,98,252,103,84,154,252,159,84,206,257,210,173,103,168,154,168,206,131,47,224,51,79,257,262,262,COVID-2829
930,140,56,145,266,56,107,234,107,42,164,252,159,28,215,271,210,140,107,145,159,145,215,103,56,178,51,23,271,280,262,Normal-361
184,150,33,154,262,56,93,243,89,47,150,252,145,42,206,257,201,150,89,150,145,150,206,98,33,201,33,37,262,266,257,Viral Pneumonia-199
92,154,28,154,215,65,75,238,75,47,121,257,121,37,168,271,168,154,75,154,121,154,168,107,28,196,28,28,215,280,215,Normal-7712
806,140,42,145,262,61,98,224,93,47,154,238,150,47,210,238,206,140,98,140,150,145,206,103,42,178,42,51,266,238,257,COVID-76
867,140,14,140,220,70,65,224,65,51,117,234,117,37,168,238,168,140,65,140,117,140,168,103,14,187,14,28,220,252,220,COVID-2043
600,150,37,154,234,47,84,266,84,42,135,271,135,42,187,271,187,150,84,150,135,150,187,93,37,206,37,37,238,271,234,Normal-7756
448,159,47,168,210,79,93,234,84,75,135,243,121,65,178,257,164,159,89,164,131,168,168,103,51,196,47,56,220,271,201,COVID-3399
963,164,33,150,220,61,75,262,84,56,121,266,135,47,168,271,182,159,79,159,126,154,173,121,28,215,37,33,210,276,229,Normal-1512
267,159,65,159,210,70,98,252,103,61,135,262,140,56,173,262,178,159,103,159,140,159,173,107,65,229,65,51,210,262,215,Normal-8438
538,154,23,150,206,61,65,252,75,47,112,262,121,37,154,271,168,154,70,150,117,150,159,103,23,210,28,23,201,280,215,Normal-4470
639,131,23,131,276,28,84,234,89,19,150,248,150,9,210,252,210,131,89,131,150,131,210,75,23,187,23,14,276,252,276,Normal-9188
420,131,51,126,271,37,103,220,107,28,159,224,164,23,210,229,215,131,103,131,159,131,215,70,47,196,51,19,266,224,271,COVID-1328
905,159,0,145,206,70,47,234,56,51,98,243,112,42,150,243,159,154,51,150,103,150,154,121,0,196,5,33,201,243,215,COVID-3124
762,154,28,150,262,65,84,229,89,56,145,238,145,42,201,248,206,150,89,150,145,150,206,98,28,206,28,37,257,257,262,Viral Pneumonia-988
32,159,19,154,201,89,61,238,65,79,107,243,112,70,154,252,159,159,65,159,112,154,154,131,19,192,19,56,201,252,206,COVID-231
453,145,33,154,252,70,89,238,84,47,145,257,140,42,201,266,196,150,89,150,145,150,196,107,33,182,28,42,257,266,252,Normal-102
791,150,51,150,262,61,103,243,107,47,154,252,159,37,206,262,210,150,103,150,159,150,206,98,51,201,51,33,257,266,262,Viral Pneumonia-1303
953,145,56,159,290,61,121,238,107,47,182,257,164,47,238,266,224,150,117,154,173,159,229,103,61,187,56,47,294,266,280,Normal-1103
563,150,51,140,215,61,89,229,98,47,126,238,140,47,168,243,178,145,93,145,135,140,173,103,47,192,56,37,210,248,220,Normal-5674
780,150,47,140,276,51,98,243,107,42,154,252,168,33,215,262,224,150,103,145,159,140,220,93,42,187,47,19,271,266,285,Viral Pneumonia-1200
678,150,42,150,271,70,98,243,98,51,154,257,154,47,210,262,215,150,98,150,154,150,210,107,42,196,42,47,266,271,271,Viral Pneumonia-111
541,154,65,159,238,51,107,266,103,47,154,276,150,47,196,280,192,159,107,159,150,159,192,103,65,215,61,42,238,280,234,Normal-4576
618,140,47,140,271,47,103,234,103,37,159,234,159,33,215,243,215,140,103,140,159,140,215,98,47,187,47,23,271,257,276,Normal-8330
94,150,33,145,215,61,75,238,79,51,121,248,126,42,164,248,168,150,79,150,121,150,168,107,33,196,33,42,210,248,215,Normal-4105
946,140,47,150,252,61,103,224,93,47,159,248,145,37,210,262,196,140,98,145,150,150,201,103,51,178,47,33,262,271,243,Normal-895
623,159,42,154,271,79,98,243,98,70,154,248,159,61,210,252,215,159,98,159,154,159,215,121,37,196,42,56,271,252,271,Normal-8452
0,145,56,150,229,65,98,238,93,51,145,252,140,51,187,257,182,145,98,150,140,150,187,107,56,182,51,42,234,276,224,COVID-269
952,150,47,145,266,70,98,229,103,51,154,243,154,42,206,252,210,145,98,145,154,145,210,112,42,187,47,33,262,257,266,Normal-1080
203,140,47,135,206,51,84,220,89,42,126,224,126,33,164,234,168,135,89,135,126,135,168,75,47,192,47,23,206,238,206,Normal-9390
553,150,56,154,215,51,93,252,93,42,135,262,135,37,178,262,173,150,93,150,135,150,178,98,56,215,56,23,215,271,215,Normal-5207
781,140,51,150,280,75,112,220,107,56,168,238,164,47,224,252,220,145,107,145,168,145,224,103,51,196,51,28,280,262,276,Viral Pneumonia-1204
447,164,33,164,168,70,65,252,65,61,98,262,103,61,135,266,135,164,65,164,103,164,135,103,33,220,33,56,168,266,173,COVID-3218
599,164,61,145,290,75,107,252,126,65,164,262,182,56,224,262,243,159,117,154,173,150,229,112,56,215,65,42,280,262,294,Normal-7728
964,145,37,145,234,56,84,229,84,47,135,243,135,42,182,248,182,145,84,145,135,145,182,103,33,182,37,37,234,252,234,Normal-1516
69,164,33,168,280,79,98,248,93,70,159,257,159,61,224,262,220,164,98,164,159,164,220,126,33,206,33,51,285,266,280,COVID-94
515,150,51,135,257,56,98,238,107,47,150,248,159,37,196,257,210,145,103,140,154,140,206,98,47,201,56,23,248,262,262,Normal-3488
492,159,33,145,140,79,51,229,65,70,79,238,98,61,103,243,126,154,61,150,89,150,117,121,28,196,37,56,131,238,154,Normal-2248
913,154,70,154,248,84,112,215,112,65,159,224,159,56,201,224,201,154,112,154,159,154,201,112,70,187,70,47,248,234,243,COVID-3214
516,150,28,150,215,75,75,229,75,65,121,238,121,61,168,248,168,150,75,150,121,150,168,121,28,182,28,56,215,262,215,Normal-3529
152,150,28,140,252,61,79,234,84,47,135,243,145,42,192,248,201,145,84,145,140,140,196,107,23,192,28,42,248,248,257,Normal-5241
869,140,70,135,276,47,117,229,121,28,168,243,173,9,220,252,229,140,121,140,173,135,224,93,65,192,70,5,271,262,280,COVID-2090
29,135,37,150,201,65,84,220,70,56,126,229,112,56,164,234,150,140,75,145,117,145,159,103,37,168,33,47,206,243,192,COVID-2459
832,154,23,150,210,56,70,243,70,37,117,262,117,19,164,276,164,150,70,150,117,150,164,112,23,201,23,5,210,294,215,COVID-892
340,131,89,135,178,75,112,182,107,70,135,192,131,65,159,201,154,131,112,131,131,135,154,98,89,159,84,65,182,206,178,Normal-1882
825,164,37,145,238,70,79,257,93,42,126,271,150,28,178,271,201,159,84,154,135,150,187,126,33,210,37,14,229,280,252,COVID-594
511,150,37,150,201,65,79,238,79,56,121,248,121,51,159,252,164,150,79,150,121,150,159,112,37,196,37,47,201,257,206,Normal-3177
277,135,56,154,220,61,107,220,89,56,150,234,126,56,192,248,168,140,98,145,140,150,182,89,61,178,51,56,234,257,210,COVID-2025
808,135,28,140,210,47,75,229,70,28,121,248,117,19,168,257,164,135,75,135,121,140,168,89,28,182,28,9,215,266,210,COVID-152
482,150,33,154,220,61,84,234,79,56,131,248,126,47,178,262,168,150,79,150,126,150,173,112,37,187,33,37,224,271,215,Normal-1657
598,140,37,140,238,47,84,238,89,42,135,243,140,42,187,243,187,140,84,140,135,140,187,89,37,196,37,37,238,243,238,Normal-7636
738,135,37,135,290,65,98,206,98,56,164,229,164,42,224,238,224,135,98,135,164,135,224,98,37,187,37,33,290,252,290,Viral Pneumonia-714
844,154,33,150,262,51,89,262,89,28,145,276,150,19,201,285,206,154,89,154,150,150,206,107,33,206,33,9,257,290,262,COVID-1221
641,145,61,140,196,70,89,210,93,65,126,215,131,56,159,224,164,140,93,140,126,140,159,103,56,187,61,42,192,234,196,Normal-9248
409,150,19,145,266,47,75,248,79,37,140,257,145,28,201,262,206,150,79,150,140,145,206,103,14,206,19,19,262,271,271,COVID-428
170,154,47,150,252,65,93,238,98,51,150,252,150,37,201,257,201,154,98,150,150,150,201,89,47,206,47,28,252,262,252,Viral Pneumonia-449
706,150,37,154,252,65,93,243,84,51,150,257,140,47,206,271,196,150,89,150,145,154,201,103,37,201,33,37,257,280,248,Viral Pneumonia-356
994,159,47,159,280,84,103,238,107,70,164,248,164,65,220,252,220,159,107,159,164,159,220,121,47,196,47,61,276,248,280,Normal-3029
89,159,19,154,234,75,70,234,75,61,121,248,126,51,178,252,182,154,75,154,126,154,178,117,19,201,19,42,229,262,234,Normal-1821
214,121,51,159,238,47,112,224,79,33,164,243,126,37,215,262,168,131,98,140,145,150,192,75,61,178,37,42,262,276,215,Normal-1236
788,135,28,145,276,56,93,224,89,42,154,252,150,28,215,262,210,140,89,140,150,140,215,84,28,192,28,23,276,271,271,Viral Pneumonia-1272
155,154,9,150,196,61,56,243,61,47,103,252,107,47,145,252,154,154,56,154,103,150,150,117,9,201,14,47,192,252,201,Normal-8035
862,159,37,159,248,61,89,252,89,42,145,262,140,28,196,276,196,159,89,159,140,159,196,107,37,206,37,19,248,280,248,COVID-1879
312,173,42,173,192,89,79,257,79,75,117,271,117,70,154,280,154,173,79,173,117,173,154,121,42,224,47,56,192,280,192,Normal-5861
399,178,47,210,229,112,107,262,79,112,154,276,121,117,196,285,168,182,93,192,140,201,182,145,56,215,42,121,243,294,210,COVID-2705
153,150,33,159,196,79,75,224,70,70,117,238,107,61,159,243,150,150,75,154,112,154,154,112,33,192,28,47,201,252,192,Normal-5497
640,159,47,126,252,47,79,248,112,33,131,248,168,19,182,252,220,150,98,140,150,131,201,84,33,215,56,5,234,257,276,Normal-9243
904,178,33,173,192,98,70,262,75,79,107,271,112,75,150,276,154,178,70,178,112,173,150,140,28,215,33,70,187,280,192,COVID-3096
197,150,19,140,248,65,75,234,84,51,131,248,140,42,187,252,196,150,79,145,135,140,192,103,19,196,23,37,243,252,252,Viral Pneumonia-285
88,150,23,135,210,56,61,229,75,47,112,238,121,42,159,238,173,145,70,140,117,140,164,93,19,192,23,33,206,243,220,Normal-8726
143,159,42,164,243,65,93,262,89,56,145,266,140,51,192,276,192,159,93,159,140,159,192,107,42,224,42,47,243,280,238,Normal-4488
349,131,14,140,201,51,65,206,61,47,112,220,103,42,159,224,150,131,61,135,107,135,154,84,19,168,14,42,206,229,196,Normal-2007
695,131,51,159,262,51,117,229,89,42,168,252,140,47,224,262,192,140,103,145,154,154,210,84,56,196,42,47,276,271,248,Viral Pneumonia-253
258,150,51,154,252,70,103,238,98,61,154,252,150,61,201,257,201,150,103,150,150,150,201,107,51,201,51,61,252,262,248,COVID-3003
798,150,56,145,276,65,107,234,112,51,164,248,164,37,220,257,220,145,107,145,164,145,220,103,51,196,56,28,271,262,276,Viral Pneumonia-1334
707,150,51,150,280,61,107,234,107,47,164,243,164,37,224,262,224,150,107,150,164,150,224,98,47,196,51,37,280,266,280,Viral Pneumonia-384
562,140,47,150,234,47,98,238,89,33,145,252,135,19,196,262,182,140,93,140,140,145,187,84,47,196,42,19,243,266,229,Normal-5606
478,145,37,145,178,61,75,234,75,47,107,243,107,33,140,248,145,145,75,145,107,145,145,107,37,182,37,23,178,257,178,Normal-1483
647,164,28,159,192,70,65,252,70,56,107,262,112,47,150,266,150,164,70,164,107,164,150,107,28,220,28,37,187,271,192,Normal-9349
774,154,19,145,210,65,65,220,70,47,112,238,121,37,159,252,168,150,70,150,117,150,164,98,19,206,23,28,206,257,215,Viral Pneumonia-1134
487,154,23,154,192,65,61,243,65,51,103,252,107,37,150,262,150,154,65,154,107,154,150,107,19,210,23,28,192,266,196,Normal-1979
903,164,23,164,224,79,75,243,75,75,121,248,121,75,173,248,173,164,75,164,121,164,173,126,23,201,23,79,224,248,224,COVID-3077
837,121,19,140,262,19,89,234,70,5,150,262,131,5,210,271,187,126,79,131,140,135,201,70,23,178,14,5,271,280,248,COVID-1054
629,150,37,145,229,56,84,238,84,47,131,252,131,37,178,257,182,150,84,150,131,145,178,103,33,206,37,28,224,262,229,Normal-8782
70,140,9,140,196,37,56,234,56,28,103,243,103,23,150,243,150,140,56,140,103,140,150,93,9,187,9,19,196,248,196,COVID-2457
58,131,37,135,238,37,89,224,84,33,140,238,135,28,192,248,182,131,89,135,135,135,187,84,37,178,33,23,243,243,234,COVID-3413
39,192,51,192,206,121,89,271,89,103,131,280,126,93,168,285,164,192,89,192,126,192,168,154,51,229,51,79,206,294,206,COVID-989
790,145,51,154,271,65,112,234,103,56,168,248,159,47,224,257,210,145,107,150,164,154,215,93,56,201,51,47,276,266,266,Viral Pneumonia-1297
957,126,42,150,257,56,103,215,84,37,159,243,135,37,215,257,187,135,93,140,150,145,201,89,47,164,37,37,271,266,243,Normal-1194
520,159,37,150,252,61,89,252,93,47,140,257,150,37,196,271,201,154,93,154,145,150,196,112,37,220,42,23,248,276,257,Normal-3604
384,159,61,121,266,70,98,229,126,42,145,234,182,28,196,234,234,150,112,140,164,131,215,112,51,201,70,14,243,234,285,COVID-1454
894,159,65,154,229,79,107,234,112,65,145,238,150,61,187,243,192,159,107,154,150,154,192,121,65,196,70,51,229,252,234,COVID-2787
159,150,33,145,234,70,79,234,89,61,131,238,135,56,178,234,187,150,84,150,135,145,182,112,33,201,37,51,229,234,238,Normal-2306
122,150,42,145,234,56,89,234,93,37,135,248,140,28,182,252,187,145,89,145,135,145,182,103,42,196,42,28,229,257,234,Normal-2112
205,145,56,131,215,70,89,229,98,61,126,234,140,61,168,238,182,140,93,140,135,135,173,107,51,201,56,56,210,243,224,Normal-1533
131,145,37,131,206,56,70,229,89,42,112,234,131,28,154,234,173,140,79,140,121,135,164,103,33,201,42,23,196,234,215,Normal-2227
962,154,19,154,248,47,75,266,75,42,131,271,131,37,187,271,187,154,75,154,131,154,187,103,19,215,19,47,248,266,248,Normal-1424
796,154,19,145,271,65,79,238,84,47,140,252,150,42,206,262,210,150,79,150,145,150,206,107,19,206,19,33,266,271,276,Viral Pneumonia-1326
813,145,47,131,262,65,93,215,103,47,150,224,159,33,201,234,210,140,98,140,154,135,206,107,47,187,51,28,252,234,266,COVID-211
685,150,19,140,252,61,70,243,79,42,131,257,140,33,187,262,196,150,75,145,135,145,192,98,14,206,19,23,248,266,257,Viral Pneumonia-173
737,140,33,150,280,56,93,238,89,47,159,248,154,33,220,257,215,140,93,145,154,145,220,93,33,196,28,28,285,266,276,Viral Pneumonia-711
5,135,33,145,252,37,89,238,84,19,145,262,135,19,201,266,192,140,89,140,140,140,196,84,33,187,28,28,257,280,248,COVID-1405
6,150,23,150,271,33,84,262,84,23,150,266,145,23,210,271,210,150,84,150,150,150,210,112,23,187,23,23,276,280,271,COVID-1139
566,145,42,140,257,37,93,257,98,33,150,266,150,28,201,266,206,145,93,145,150,145,206,93,42,210,42,23,257,262,257,Normal-5928
506,145,33,140,271,47,89,238,93,33,150,248,154,19,210,262,215,145,93,145,154,140,215,103,33,182,33,19,271,262,276,Normal-2876
784,150,37,154,276,61,98,243,93,47,159,257,154,42,215,262,215,150,98,150,159,150,215,98,37,206,37,33,276,271,276,Viral Pneumonia-1220
210,150,56,145,234,61,98,234,103,51,145,238,145,42,187,252,192,150,103,150,145,145,192,93,56,206,56,37,234,257,234,Viral Pneumonia-40
805,126,19,150,271,37,89,229,70,19,154,257,131,19,215,266,196,131,79,135,145,140,206,79,23,173,14,19,280,276,257,COVID-57
526,145,42,145,206,56,79,234,84,42,121,243,121,37,164,248,164,145,84,145,121,145,164,89,37,201,42,28,206,252,206,Normal-4010
902,159,28,164,224,75,79,252,75,61,126,266,126,51,178,271,173,164,79,164,126,164,173,117,33,206,28,42,224,276,220,COVID-3065
773,150,33,140,234,61,79,229,89,47,131,238,135,33,178,243,187,150,84,145,135,145,182,98,33,201,37,28,229,252,238,Viral Pneumonia-1119
195,159,19,159,257,75,75,229,75,61,135,243,135,51,196,252,196,159,75,159,135,159,196,107,14,201,19,47,257,262,257,Viral Pneumonia-1038
716,140,51,164,276,70,112,229,98,61,173,243,154,56,229,257,210,150,107,154,164,159,220,98,56,192,47,51,290,266,266,Viral Pneumonia-501
188,140,28,140,262,56,84,220,84,47,145,238,145,33,201,248,206,140,84,140,145,140,206,93,28,182,28,28,262,252,262,Viral Pneumonia-1022
534,131,33,131,224,47,84,220,79,42,131,224,126,37,178,234,178,131,84,131,131,131,178,93,33,173,33,42,224,234,224,Normal-4383
149,154,51,154,294,61,112,257,112,51,173,266,173,42,234,276,234,154,112,154,173,154,234,107,51,224,51,37,294,280,294,Normal-4554
426,159,37,154,238,51,84,257,89,37,135,271,140,23,187,280,192,154,89,154,140,154,187,93,37,224,37,9,238,285,243,COVID-1678
753,140,28,150,229,65,84,224,75,51,135,243,126,47,187,252,173,140,79,145,131,150,178,93,33,182,28,33,238,262,224,Viral Pneumonia-854
488,150,28,145,248,51,79,248,84,42,135,252,135,37,192,257,192,150,84,145,135,145,192,107,28,196,28,42,243,252,248,Normal-2072
607,140,47,135,206,42,84,229,89,33,126,243,126,23,164,252,168,135,89,135,126,135,168,84,47,192,51,14,206,262,206,Normal-8028
294,150,14,145,206,61,61,248,65,42,107,262,112,33,154,271,164,145,61,145,112,145,159,112,14,206,14,14,206,285,210,COVID-3593
468,173,61,150,243,84,93,243,117,56,140,266,168,42,182,271,215,168,107,159,154,154,196,135,56,210,65,23,229,266,257,Normal-976
232,150,14,140,271,56,75,238,84,33,140,257,145,23,201,266,210,145,79,145,145,145,206,98,14,201,19,23,266,266,276,Viral Pneumonia-543
667,164,19,168,187,79,61,252,61,70,103,262,98,65,145,266,140,164,61,168,103,168,145,126,19,201,19,56,187,276,182,Normal-10111
865,187,61,178,243,103,103,252,107,84,150,266,154,79,192,271,201,182,107,182,150,178,196,150,61,220,61,65,238,276,243,COVID-1986
268,135,37,131,224,37,84,234,89,23,131,243,135,19,178,248,178,131,84,131,131,131,178,84,37,196,42,9,220,248,224,Normal-7608
715,154,19,140,252,65,70,229,79,51,131,252,140,37,187,262,201,154,75,150,135,145,196,112,14,192,19,33,243,262,262,Viral Pneumonia-489
368,117,37,150,229,37,103,215,70,23,154,238,117,23,206,252,164,121,89,131,135,140,182,65,47,168,28,23,252,266,210,COVID-575
655,154,51,154,206,65,89,243,89,56,126,252,131,47,168,262,168,154,89,154,131,154,168,107,47,210,51,37,206,262,210,Normal-9690
991,145,37,145,178,56,70,238,70,47,107,248,107,47,140,252,140,145,70,145,107,145,140,107,37,182,37,42,178,252,178,Normal-2812
984,159,33,159,266,70,89,257,93,56,150,266,150,51,206,271,206,159,93,159,150,159,206,117,33,206,33,47,262,276,266,Normal-2416
633,140,42,140,220,51,84,234,89,37,131,243,131,28,173,257,178,140,84,140,131,140,178,98,42,192,42,14,220,271,220,Normal-8952
380,187,19,140,262,84,61,271,98,56,117,280,164,42,178,276,229,178,79,164,140,150,201,140,9,238,28,23,238,271,290,COVID-1088
528,159,37,150,224,70,79,248,89,56,126,252,135,51,173,252,182,154,84,154,131,150,178,112,33,210,37,42,220,262,229,Normal-4120
558,150,51,145,206,56,89,234,93,42,126,243,131,37,164,252,168,150,89,145,131,145,168,84,51,196,56,28,201,262,206,Normal-5329
795,145,51,150,266,65,107,224,103,47,159,243,154,37,215,252,210,145,103,145,159,150,210,93,51,201,51,33,266,252,262,Viral Pneumonia-1324
441,140,28,159,192,65,79,224,61,56,121,243,98,51,159,257,140,145,70,150,112,154,150,89,33,187,23,42,201,271,178,COVID-2977
995,154,14,154,210,65,65,243,65,56,112,257,112,47,159,262,159,154,65,154,112,154,159,117,14,192,14,47,206,262,210,Normal-3064
764,154,47,145,252,56,89,243,103,47,140,257,154,23,192,266,206,154,93,150,150,150,201,84,42,224,47,14,243,266,257,Viral Pneumonia-993
64,140,61,145,243,56,107,229,103,42,154,238,150,37,201,243,196,140,107,145,154,145,196,103,61,187,61,28,248,243,243,COVID-1671
24,164,33,164,201,75,75,243,75,65,112,252,117,56,154,257,159,164,75,164,117,164,159,126,33,201,33,47,196,266,201,COVID-3329
414,159,51,159,220,89,93,234,93,79,135,243,135,70,178,252,178,159,93,159,135,159,178,121,51,196,47,65,220,257,220,COVID-847
567,131,28,135,243,37,84,224,79,28,135,234,131,19,187,243,187,131,79,131,135,131,187,84,28,182,28,9,243,252,238,Normal-5936
670,135,23,150,280,42,93,234,84,42,159,248,145,42,224,257,210,140,89,140,154,145,220,84,28,196,19,51,290,262,276,Viral Pneumonia-64
2,150,19,140,280,19,79,280,84,5,145,294,150,5,210,294,215,145,84,145,150,145,215,103,14,196,19,5,276,290,280,COVID-369
446,159,37,154,271,56,93,262,93,47,150,266,154,37,210,271,215,159,93,159,154,154,210,103,33,234,37,28,271,280,271,COVID-3200
180,150,37,140,248,65,84,238,93,42,140,252,145,28,192,262,196,145,89,145,140,140,196,103,37,201,37,19,243,262,252,Viral Pneumonia-1322
863,154,47,154,238,75,93,234,93,61,145,243,145,47,192,252,192,154,93,154,145,154,192,117,47,192,47,37,238,262,238,COVID-1906
317,154,28,150,271,61,84,248,89,42,145,257,150,33,206,262,210,154,89,154,150,150,206,103,23,206,28,33,266,266,271,Normal-9175
167,131,9,140,229,61,65,215,61,56,121,224,112,61,178,229,168,135,65,135,117,140,173,93,9,178,5,56,229,234,224,Normal-3816
154,150,47,150,238,61,93,234,93,51,145,243,140,42,192,248,187,150,93,150,140,150,192,98,47,201,47,37,238,252,238,Normal-2575
171,145,37,145,248,56,93,234,93,37,140,248,145,33,196,257,196,145,93,145,145,145,196,93,37,196,37,23,248,262,248,Viral Pneumonia-1345
502,154,37,154,238,51,89,252,89,47,140,262,135,28,192,271,187,154,89,154,140,154,187,93,37,215,37,23,243,280,238,Normal-2827
406,150,14,140,238,37,65,266,75,19,121,280,131,9,178,285,187,150,70,145,126,145,182,79,14,229,19,9,234,290,243,COVID-292
208,150,33,150,187,42,75,243,70,19,112,262,107,5,150,276,145,150,70,150,112,150,150,84,33,201,33,0,187,276,187,COVID-1515
751,140,23,150,280,51,89,234,84,37,154,252,150,33,220,257,215,145,89,145,154,150,215,89,23,196,19,28,285,266,276,Viral Pneumonia-829
391,117,98,164,234,84,150,192,112,84,187,215,140,84,224,229,173,126,135,140,168,154,201,93,107,154,84,84,266,238,206,COVID-1935
220,150,28,145,248,61,79,224,84,47,135,243,140,33,192,252,196,145,84,145,135,145,192,89,23,206,28,23,248,262,252,Viral Pneumonia-1007
191,150,37,145,276,51,93,229,98,37,154,248,159,28,210,252,215,150,93,150,154,145,215,93,37,192,37,19,271,257,276,Viral Pneumonia-542
855,145,61,145,206,84,93,215,93,65,131,224,131,56,168,229,168,145,93,145,131,145,168,107,61,192,61,51,206,234,206,COVID-1645
612,150,47,145,238,42,93,257,98,33,140,266,145,28,187,271,192,145,93,145,145,145,192,89,47,215,47,23,234,266,238,Normal-8265
63,178,33,159,234,89,75,248,84,79,126,252,135,65,173,262,187,173,79,168,131,164,182,140,28,215,33,51,224,271,238,COVID-1653
248,135,65,140,210,61,103,215,103,47,140,234,135,33,173,243,173,135,103,135,140,135,173,93,65,178,65,28,210,248,210,COVID-709
495,154,51,145,229,70,89,238,98,51,135,243,140,47,178,248,187,150,93,150,140,150,182,117,47,201,51,42,224,248,234,Normal-2510
929,164,47,145,252,65,89,252,107,47,140,257,159,33,192,266,210,159,98,154,150,150,201,117,42,215,51,28,243,262,262,Normal-317
479,135,19,117,257,47,70,215,84,37,131,215,145,33,192,206,206,131,79,126,140,121,196,98,14,173,23,23,248,206,262,Normal-1487
574,154,42,150,215,56,84,257,89,51,126,262,131,47,168,262,178,154,84,150,131,150,173,103,42,229,42,33,215,266,220,Normal-6335
193,150,47,150,262,75,103,229,98,51,154,252,154,47,210,262,206,150,103,150,154,150,210,103,47,196,47,42,262,266,262,Viral Pneumonia-14
249,159,37,150,294,47,98,252,103,33,159,266,168,23,224,271,234,154,103,154,164,150,229,89,33,206,37,19,290,266,294,Viral Pneumonia-1248
489,173,56,173,234,89,98,252,103,79,145,266,145,70,187,271,187,173,98,173,145,173,187,135,56,210,56,70,234,276,234,Normal-2123
525,150,23,150,224,70,70,229,75,65,121,234,121,61,173,234,173,150,70,150,121,150,173,121,23,187,23,47,220,243,224,Normal-3873
293,150,37,140,224,56,79,229,84,42,126,248,131,28,173,252,182,145,84,145,131,145,178,98,33,192,37,23,220,257,229,Viral Pneumonia-400
223,145,28,150,276,56,89,234,84,37,154,257,150,28,215,266,210,145,89,145,150,145,215,89,28,206,23,23,276,271,271,Viral Pneumonia-217
373,135,51,159,252,56,112,234,93,47,164,248,140,42,215,257,192,140,103,150,154,154,206,84,56,196,47,37,266,266,243,COVID-782
315,145,23,150,210,47,70,243,65,33,121,257,112,28,168,266,159,145,70,150,117,150,164,89,23,196,19,28,215,271,206,Normal-3856
473,150,47,154,257,47,98,234,98,33,150,252,150,28,206,266,201,150,98,150,150,150,201,107,47,187,47,28,257,276,252,Normal-1354
476,173,33,168,234,84,84,257,84,79,131,271,135,75,182,271,187,173,84,173,135,168,182,135,33,210,37,65,234,276,238,Normal-1460
477,154,33,159,238,56,89,252,84,51,140,266,135,42,192,276,187,154,84,154,135,159,187,117,33,192,33,37,243,276,238,Normal-1472
619,182,47,168,192,103,75,257,89,93,112,262,126,84,150,262,164,178,84,173,121,173,154,140,42,224,51,79,182,262,201,Normal-8346
673,159,28,140,238,47,70,252,93,33,121,271,145,23,173,266,196,154,84,150,135,145,187,98,23,224,37,14,224,266,252,Viral Pneumonia-73
10,154,42,154,215,61,84,243,84,51,126,252,126,47,168,257,168,154,84,154,126,154,168,117,42,187,42,42,215,257,210,COVID-3512
179,154,37,154,271,65,98,238,93,51,154,257,154,42,215,262,215,154,93,154,154,154,215,103,37,201,37,42,271,266,271,Viral Pneumonia-588
586,164,42,164,234,75,89,248,93,70,140,252,140,70,187,257,187,164,93,164,140,164,187,107,42,215,42,70,234,257,234,Normal-7046
679,145,33,140,276,47,93,238,98,23,150,266,159,19,210,280,220,145,93,145,154,140,215,107,33,182,33,19,271,285,280,Viral Pneumonia-126
316,150,37,150,271,56,93,248,93,47,154,257,154,47,215,262,210,150,93,150,154,150,210,98,37,210,37,28,271,271,271,Normal-4874
281,145,56,145,248,61,103,234,103,47,150,243,154,42,196,257,201,145,103,145,150,145,201,79,56,201,56,28,248,262,248,Viral Pneumonia-822
939,145,56,140,276,61,107,224,112,42,164,243,168,33,220,257,224,140,112,140,164,140,220,103,51,187,56,28,271,257,280,Normal-540
992,131,0,121,173,37,42,224,51,23,84,229,93,19,126,224,135,126,47,126,89,121,131,89,0,178,5,19,168,220,178,Normal-2845
283,140,33,145,229,61,79,234,79,56,131,248,131,47,182,252,178,140,79,140,131,145,182,93,33,206,28,37,234,266,229,Viral Pneumonia-793
222,145,56,145,257,56,103,234,103,47,154,243,154,37,206,252,201,145,103,145,154,145,206,93,56,196,51,33,257,257,252,Viral Pneumonia-700
12,145,5,145,229,65,61,229,61,51,117,248,117,47,173,252,173,145,61,145,117,145,173,107,5,182,5,42,229,266,234,COVID-80
46,154,51,159,257,70,103,248,98,65,154,257,150,47,206,266,201,154,103,154,154,159,206,117,51,206,51,33,257,271,252,COVID-3386
404,140,47,150,238,61,98,210,93,51,145,224,140,47,196,229,187,145,93,145,145,145,192,98,47,168,47,51,243,234,238,COVID-194
278,145,75,145,234,84,112,215,112,75,154,224,154,70,192,234,192,145,112,145,154,145,192,93,75,196,75,65,234,238,234,Viral Pneumonia-1167
937,154,61,154,257,70,107,229,107,56,154,243,159,42,206,252,210,154,107,154,159,154,206,117,56,192,61,42,252,257,257,Normal-479
33,140,84,145,285,65,131,215,131,56,187,224,182,42,234,229,234,145,131,145,182,145,234,103,84,173,79,33,290,243,285,COVID-1803
530,135,56,135,220,37,93,234,98,28,135,238,140,23,178,243,178,135,98,135,140,135,178,89,56,187,56,19,220,248,220,Normal-4262
103,164,51,159,229,70,93,252,98,65,140,252,145,61,182,257,187,164,93,159,140,159,187,112,51,229,51,47,224,262,234,Normal-2520
379,164,61,192,224,84,117,252,89,70,159,271,126,70,201,290,168,168,103,178,145,182,187,121,65,206,51,70,243,294,210,COVID-1028
722,150,37,150,243,56,89,234,93,47,140,248,145,33,192,252,196,150,93,150,140,150,196,98,37,201,42,28,243,257,248,Viral Pneumonia-554
168,154,33,159,210,61,79,248,75,47,126,262,121,47,168,266,164,154,79,154,121,159,168,103,33,201,33,37,215,276,210,Normal-9941
674,150,19,145,262,75,75,229,79,51,140,248,140,33,196,262,206,150,79,150,140,150,201,112,19,187,19,19,262,271,266,Viral Pneumonia-87
216,150,42,140,220,70,79,229,89,56,126,243,135,51,168,243,178,150,84,145,131,145,173,98,37,206,47,42,210,248,224,COVID-3493
445,159,47,154,215,79,84,234,93,61,126,243,135,47,168,252,178,154,89,154,131,154,173,117,47,196,47,37,210,262,220,COVID-3154
794,154,33,145,252,70,84,243,89,42,140,252,145,33,196,271,206,150,89,150,145,150,196,107,28,196,33,23,248,271,262,Viral Pneumonia-1323
901,168,9,168,229,75,65,257,65,70,121,266,121,65,178,266,178,168,65,168,121,168,178,117,9,220,9,65,229,266,229,COVID-3047
916,140,33,150,280,56,98,238,93,51,159,252,154,47,220,266,215,140,93,145,159,145,220,103,33,192,33,47,285,271,276,COVID-3268
150,150,47,154,243,65,98,238,93,51,145,252,140,42,196,262,192,150,93,150,145,154,192,112,47,196,47,33,243,276,238,Normal-2012
609,131,75,135,290,42,131,224,126,33,187,238,182,28,238,248,234,131,131,131,182,131,238,79,75,187,75,23,294,257,290,Normal-8167
910,145,70,145,178,98,98,192,93,89,126,206,121,84,154,215,150,145,98,145,126,145,150,117,70,173,70,75,182,220,178,COVID-3201
608,140,33,150,252,56,93,238,84,47,145,252,135,42,201,262,192,140,89,145,140,150,196,98,37,196,28,37,257,266,248,Normal-8140
